"Uid","Time(UTC)","Symbol","Side","Position Side","Price","Quantity","Amount","Fee","Realized Profit","Buyer","Maker","Trade Id","Order Id"
"1105200956","2025-08-09 07:36:44","UNIUSDT","SELL","LONG","11.17100000","33.00000000","368.64300000","0.07372860 USDT","20.77350000","false","true","695503200","27576673138"
"1105200956","2025-08-09 07:36:44","UNIUSDT","SELL","LONG","11.17100000","287.00000000","3206.07700000","0.64121540 USDT","180.66650000","false","true","695503199","27576673138"
"1105200956","2025-08-09 07:36:44","UNIUSDT","SELL","LONG","11.17100000","80.00000000","893.68000000","0.17873600 USDT","50.36000000","false","true","695503201","27576673138"
"1105200956","2025-08-09 08:31:05","CRVUSDT","BUY","LONG","0.99100000","186.20000000","184.52420000","0.09226210 USDT","0E-8","true","false","506670712","43138476326"
"1105200956","2025-08-09 08:31:05","CRVUSDT","BUY","LONG","0.99100000","372.80000000","369.44480000","0.18472240 USDT","0E-8","true","false","506670711","43138476326"
"1105200956","2025-08-09 08:31:05","CRVUSDT","BUY","LONG","0.99100000","1441.00000000","1428.03100000","0.71401550 USDT","0E-8","true","false","506670710","43138476326"
"1105200956","2025-08-10 04:05:43","WIFUSDT","BUY","LONG","1.02360000","310.20000000","317.52072000","0.15876035 USDT","0E-8","true","false","1100759304","19738354522"
"1105200956","2025-08-10 04:05:43","WIFUSDT","BUY","LONG","1.02360000","19.60000000","20.06256000","0.01003128 USDT","0E-8","true","false","1100759302","19738354522"
"1105200956","2025-08-10 04:05:43","WIFUSDT","BUY","LONG","1.02360000","670.20000000","686.01672000","0.34300836 USDT","0E-8","true","false","1100759303","19738354522"
"1105200956","2025-08-12 15:36:54","1000BONKUSDT","BUY","LONG","0.02525800","33720.00000000","851.69976000","0.17033995 USDT","0E-8","true","true","786758949","12468815591"
"1105200956","2025-08-12 15:36:54","1000BONKUSDT","BUY","LONG","0.02525800","29187.00000000","737.20524600","0.14744104 USDT","0E-8","true","true","786758947","12468815591"
"1105200956","2025-08-12 15:36:54","1000BONKUSDT","BUY","LONG","0.02525800","37093.00000000","936.89499400","0.18737899 USDT","0E-8","true","true","786758948","12468815591"
"1105200956","2025-08-12 15:38:10","1000BONKUSDT","BUY","LONG","0.02523700","572.00000000","14.43556400","0.00288711 USDT","0E-8","true","true","786761098","12468835298"
"1105200956","2025-08-12 15:38:10","1000BONKUSDT","BUY","LONG","0.02523700","3416.00000000","86.20959200","0.01724191 USDT","0E-8","true","true","786761096","12468835298"
"1105200956","2025-08-12 15:38:10","1000BONKUSDT","BUY","LONG","0.02523700","24900.00000000","628.40130000","0.12568025 USDT","0E-8","true","true","786761097","12468835298"
"1105200956","2025-08-13 00:40:47","PENGUUSDT","BUY","LONG","0.03727100","624.00000000","23.25710400","0.01162855 USDT","0E-8","true","false","335404999","5323937376"
"1105200956","2025-08-13 00:40:47","PENGUUSDT","BUY","LONG","0.03727100","443.00000000","16.51105300","0.00825552 USDT","0E-8","true","false","335405004","5323937376"
"1105200956","2025-08-13 00:40:47","PENGUUSDT","BUY","LONG","0.03727100","2155.00000000","80.31900500","0.04015950 USDT","0E-8","true","false","335405002","5323937376"
"1105200956","2025-08-13 00:40:47","PENGUUSDT","BUY","LONG","0.03727100","536.00000000","19.97725600","0.00998862 USDT","0E-8","true","false","335405003","5323937376"
"1105200956","2025-08-13 00:40:47","PENGUUSDT","BUY","LONG","0.03727100","299.00000000","11.14402900","0.00557201 USDT","0E-8","true","false","335404998","5323937376"
"1105200956","2025-08-13 00:40:47","PENGUUSDT","BUY","LONG","0.03727100","28007.00000000","1043.84889700","0.52192444 USDT","0E-8","true","false","335405001","5323937376"
"1105200956","2025-08-13 00:40:47","PENGUUSDT","BUY","LONG","0.03727200","16050.00000000","598.21560000","0.29910779 USDT","0E-8","true","false","335405005","5323937376"
"1105200956","2025-08-13 00:40:47","PENGUUSDT","BUY","LONG","0.03727100","1886.00000000","70.29310600","0.03514655 USDT","0E-8","true","false","335405000","5323937376"
"1105200956","2025-08-19 09:27:16","1000PEPEUSDC","BUY","LONG","0.01058400","5337.00000000","56.48680800","0.00000000 USDC","0E-8","true","true","157155041","5271303968"
"1105200956","2025-08-19 09:27:16","1000PEPEUSDC","BUY","LONG","0.01058400","158330.00000000","1675.76472000","0.00000000 USDC","0E-8","true","true","157155040","5271303968"
"1105200956","2025-08-19 09:27:16","1000PEPEUSDC","BUY","LONG","0.01058400","136333.00000000","1442.94847200","0.00000000 USDC","0E-8","true","true","157155039","5271303968"
"1105200956","2025-08-23 15:34:26","1000BONKUSDT","BUY","LONG","0.02276200","19248.00000000","438.12297600","0.21906148 USDT","0E-8","true","false","797419633","12722722245"
"1105200956","2025-08-23 15:34:26","1000BONKUSDT","BUY","LONG","0.02276200","9618.00000000","218.92491600","0.10946245 USDT","0E-8","true","false","797419630","12722722245"
"1105200956","2025-08-23 15:34:26","1000BONKUSDT","BUY","LONG","0.02276200","26193.00000000","596.20506600","0.29810253 USDT","0E-8","true","false","797419634","12722722245"
"1105200956","2025-08-23 15:34:26","1000BONKUSDT","BUY","LONG","0.02276200","55764.00000000","1269.30016800","0.63465008 USDT","0E-8","true","false","797419629","12722722245"
"1105200956","2025-08-23 15:34:26","1000BONKUSDT","BUY","LONG","0.02276200","17340.00000000","394.69308000","0.19734654 USDT","0E-8","true","false","797419631","12722722245"
"1105200956","2025-08-23 15:34:26","1000BONKUSDT","BUY","LONG","0.02276200","725.00000000","16.50245000","0.00825122 USDT","0E-8","true","false","797419632","12722722245"
"1105200956","2025-08-25 02:24:17","1000BONKUSDT","BUY","LONG","0.02249800","35110.00000000","789.90478000","0.39495239 USDT","0E-8","true","false","798458825","12751181185"
"1105200956","2025-08-25 02:24:17","1000BONKUSDT","BUY","LONG","0.02249600","6380.00000000","143.52448000","0.07176224 USDT","0E-8","true","false","798458823","12751181185"
"1105200956","2025-08-25 02:24:17","1000BONKUSDT","BUY","LONG","0.02249600","734.00000000","16.51206400","0.00825603 USDT","0E-8","true","false","798458824","12751181185"
"1105200956","2025-09-09 01:47:45","EPTUSDT","BUY","LONG","0.00518800","500000.00000000","2594.00000000","0.51880000 USDT","0E-8","true","true","24027648","313857424"
"1105200956","2025-09-09 05:05:07","ETHUSDT","BUY","LONG","4309.53000000","1.00000000","4309.53000000","2.15476499 USDT","0E-8","true","false","6353712095","8389765954523339582"
"1105200956","2025-09-09 07:09:01","EPTUSDT","BUY","LONG","0.00474200","16172.00000000","76.68762400","0.03834381 USDT","0E-8","true","false","24076289","314401946"
"1105200956","2025-09-09 07:09:01","EPTUSDT","BUY","LONG","0.00474300","36372.00000000","172.51239600","0.03450247 USDT","0E-8","true","true","24076293","314401946"
"1105200956","2025-09-09 07:09:01","EPTUSDT","BUY","LONG","0.00474300","21763.00000000","103.22190900","0.05161095 USDT","0E-8","true","false","24076291","314401946"
"1105200956","2025-09-09 07:09:01","EPTUSDT","BUY","LONG","0.00474200","21088.00000000","99.99929600","0.04999964 USDT","0E-8","true","false","24076290","314401946"
"1105200956","2025-09-09 07:09:01","EPTUSDT","BUY","LONG","0.00474300","254605.00000000","1207.59151500","0.24151830 USDT","0E-8","true","true","24076292","314401946"
"1105200956","2025-09-09 07:10:17","EPTUSDT","BUY","LONG","0.00474000","1896.00000000","8.98704000","0.00179740 USDT","0E-8","true","true","24076372","314402270"
"1105200956","2025-09-09 07:10:17","EPTUSDT","BUY","LONG","0.00474000","1866.00000000","8.84484000","0.00176896 USDT","0E-8","true","true","24076373","314402270"
"1105200956","2025-09-09 07:10:23","EPTUSDT","BUY","LONG","0.00474000","2312.00000000","10.95888000","0.00219177 USDT","0E-8","true","true","24076377","314402270"
"1105200956","2025-09-09 07:10:23","EPTUSDT","BUY","LONG","0.00474000","1117.00000000","5.29458000","0.00105891 USDT","0E-8","true","true","24076376","314402270"
"1105200956","2025-09-09 07:10:24","EPTUSDT","BUY","LONG","0.00474000","1055.00000000","5.00070000","0.00100014 USDT","0E-8","true","true","24076379","314402270"
"1105200956","2025-09-09 07:10:24","EPTUSDT","BUY","LONG","0.00474000","1055.00000000","5.00070000","0.00100014 USDT","0E-8","true","true","24076378","314402270"
"1105200956","2025-09-09 07:10:25","EPTUSDT","BUY","LONG","0.00474000","2136.00000000","10.12464000","0.00202492 USDT","0E-8","true","true","24076380","314402270"
"1105200956","2025-09-09 07:10:30","EPTUSDT","BUY","LONG","0.00474000","32951.00000000","156.18774000","0.03123754 USDT","0E-8","true","true","24076381","314402270"
"1105200956","2025-09-09 07:10:36","EPTUSDT","BUY","LONG","0.00474000","1957.00000000","9.27618000","0.00185523 USDT","0E-8","true","true","24076388","314402270"
"1105200956","2025-09-09 07:10:37","EPTUSDT","BUY","LONG","0.00474000","2852.00000000","13.51848000","0.00270369 USDT","0E-8","true","true","24076389","314402270"
"1105200956","2025-09-09 07:10:37","EPTUSDT","BUY","LONG","0.00474000","1094.00000000","5.18556000","0.00103711 USDT","0E-8","true","true","24076390","314402270"
"1105200956","2025-09-09 07:10:43","EPTUSDT","BUY","LONG","0.00474000","2036.00000000","9.65064000","0.00193012 USDT","0E-8","true","true","24076393","314402270"
"1105200956","2025-09-09 07:10:43","EPTUSDT","BUY","LONG","0.00474000","1638.00000000","7.76412000","0.00155282 USDT","0E-8","true","true","24076392","314402270"
"1105200956","2025-09-09 07:10:44","EPTUSDT","BUY","LONG","0.00474000","1055.00000000","5.00070000","0.00100014 USDT","0E-8","true","true","24076394","314402270"
"1105200956","2025-09-09 07:10:45","EPTUSDT","BUY","LONG","0.00474000","1293.00000000","6.12882000","0.00122576 USDT","0E-8","true","true","24076395","314402270"
"1105200956","2025-09-09 07:10:56","EPTUSDT","BUY","LONG","0.00474000","1177.00000000","5.57898000","0.00111579 USDT","0E-8","true","true","24076400","314402270"
"1105200956","2025-09-09 07:10:57","EPTUSDT","BUY","LONG","0.00474000","3007.00000000","14.25318000","0.00285063 USDT","0E-8","true","true","24076401","314402270"
"1105200956","2025-09-09 07:10:57","EPTUSDT","BUY","LONG","0.00474000","1055.00000000","5.00070000","0.00100014 USDT","0E-8","true","true","24076403","314402270"
"1105200956","2025-09-09 07:11:11","EPTUSDT","BUY","LONG","0.00474000","853.00000000","4.04322000","0.00080864 USDT","0E-8","true","true","24076422","314402270"
"1105200956","2025-09-09 07:11:46","EPTUSDT","BUY","LONG","0.00474000","87595.00000000","415.20030000","0.08304006 USDT","0E-8","true","true","24076471","314402270"
"1105200956","2025-09-09 08:00:05","ETHUSDT","SELL","LONG","4362.00000000","1.00000000","4362.00000000","0.87240000 USDT","52.47000000","false","true","6354389462","8389765954589108145"
"1105200956","2025-09-09 12:12:19","EPTUSDT","SELL","LONG","0.00499900","1063.00000000","5.31393700","0.00106278 USDT","0.03612845","false","true","24116503","314406896"
"1105200956","2025-09-09 12:12:19","EPTUSDT","SELL","LONG","0.00499900","325635.00000000","1627.84936500","0.32556987 USDT","11.06744144","false","true","24116502","314406896"
"1105200956","2025-09-09 12:12:23","EPTUSDT","SELL","LONG","0.00499900","173302.00000000","866.33669800","0.17326733 USDT","5.89006014","false","true","24116560","314406896"
"1105200956","2025-09-09 13:19:16","ETHUSDC","BUY","LONG","4325.00000000","1.00000000","4325.00000000","0.00000000 USDC","0E-8","true","true","315788955","24716728529"
"1105200956","2025-09-09 23:21:27","SKYUSDT","BUY","LONG","0.06900000","50000.00000000","3450.00000000","0.00000000 USDT","0E-8","true","true","2359165","13679"
"1105200956","2025-09-09 23:55:15","DOGEUSDC","BUY","LONG","0.24080000","10000.00000000","2408.00000000","0.00000000 USDC","0E-8","true","true","112798215","4171809718"
"1105200956","2025-09-10 12:31:03","ETHUSDC","SELL","LONG","4380.00000000","1.00000000","4380.00000000","0.00000000 USDC","55.00000000","false","true","316515419","24864827700"
"1105200956","2025-09-11 01:17:25","ENAUSDC","BUY","LONG","0.78850000","846.00000000","667.07100000","0.26682840 USDC","0E-8","true","false","53429237","1496647705"
"1105200956","2025-09-11 01:17:25","ENAUSDC","BUY","LONG","0.78850000","399.00000000","314.61150000","0.12584460 USDC","0E-8","true","false","53429239","1496647705"
"1105200956","2025-09-11 01:17:25","ENAUSDC","BUY","LONG","0.78850000","255.00000000","201.06750000","0.08042700 USDC","0E-8","true","false","53429238","1496647705"
"1105200956","2025-09-11 03:42:36","DOGEUSDC","SELL","LONG","0.25127000","5000.00000000","1256.35000000","0.00000000 USDC","52.35000000","false","true","113187905","4182051588"
"1105200956","2025-09-11 04:46:36","EPTUSDT","SELL","LONG","0.00590000","125000.00000000","737.50000000","0.14750000 USDT","116.87340751","false","true","24313862","317459404"
"1105200956","2025-09-11 12:31:03","DOGEUSDC","SELL","LONG","0.24278000","5000.00000000","1213.90000000","0.33382250 USDC","9.90000000","false","false","113320002","4182057461"
"1105200956","2025-09-12 01:01:22","1000PEPEUSDC","SELL","LONG","0.01075270","27077.00000000","291.15085790","0.00000000 USDC","4.56788990","false","true","161743838","5485884476"
"1105200956","2025-09-12 01:01:22","1000PEPEUSDC","SELL","LONG","0.01075270","272923.00000000","2934.65914210","0.00000000 USDC","46.04211010","false","true","161743839","5485884476"
"1105200956","2025-09-12 07:17:34","1000BONKUSDT","SELL","LONG","0.02542000","24101.00000000","612.64742000","0.12252948 USDT","39.16119785","false","true","812945619","13072108883"
"1105200956","2025-09-12 07:17:34","1000BONKUSDT","SELL","LONG","0.02542000","275899.00000000","7013.35258000","1.40267051 USDT","448.30236615","false","true","812945620","13072108883"
"1105200956","2025-09-12 07:18:00","PENGUUSDT","SELL","LONG","0.03738500","7991.00000000","298.74353500","0.14937176 USDT","0.90840888","false","false","371004207","6046975045"
"1105200956","2025-09-12 07:18:00","PENGUUSDT","SELL","LONG","0.03738700","268.00000000","10.01971600","0.00500985 USDT","0.03100197","false","false","371004205","6046975045"
"1105200956","2025-09-12 07:18:00","PENGUUSDT","SELL","LONG","0.03738600","268.00000000","10.01944800","0.00500972 USDT","0.03073397","false","false","371004206","6046975045"
"1105200956","2025-09-12 07:18:00","PENGUUSDT","SELL","LONG","0.03738800","353.00000000","13.19796400","0.00659898 USDT","0.04118768","false","false","371004204","6046975045"
"1105200956","2025-09-12 07:18:00","PENGUUSDT","SELL","LONG","0.03738800","41120.00000000","1537.39456000","0.76869728 USDT","4.79784048","false","false","371004203","6046975045"
"1105200956","2025-09-12 14:55:32","EPTUSDT","SELL","LONG","0.00622700","93750.00000000","583.78125000","0.11675625 USDT","118.31130563","false","true","24867818","323907190"
"1105200956","2025-09-13 01:38:29","WIFUSDC","BUY","LONG","0.96800000","5.00000000","4.84000000","0.00000000 USDC","0E-8","true","true","88065581","2894718745"
"1105200956","2025-09-13 01:38:29","WIFUSDC","BUY","LONG","0.96800000","377.80000000","365.71040000","0.00000000 USDC","0E-8","true","true","88065578","2894718745"
"1105200956","2025-09-13 01:38:29","WIFUSDC","BUY","LONG","0.96800000","284.00000000","274.91200000","0.00000000 USDC","0E-8","true","true","88065579","2894718745"
"1105200956","2025-09-13 01:38:29","WIFUSDC","BUY","LONG","0.96800000","333.20000000","322.53760000","0.00000000 USDC","0E-8","true","true","88065580","2894718745"
"1105200956","2025-09-18 03:12:35","ENAUSDC","BUY","LONG","0.70890000","1500.00000000","1063.35000000","0.00000000 USDC","0E-8","true","true","55256242","1521728660"
"1105200956","2025-09-18 14:14:56","ENAUSDC","BUY","LONG","0.69980000","1000.00000000","699.80000000","0.00000000 USDC","0E-8","true","true","55327603","1523033927"
"1105200956","2025-09-18 15:17:56","BBUSDT","SELL","LONG","0.19880000","12544.00000000","2493.74720000","0.49874944 USDT","1228.05760000","false","true","186246301","2773793759"
"1105200956","2025-09-18 15:17:56","BBUSDT","SELL","LONG","0.19880000","7456.00000000","1482.25280000","0.29645055 USDT","729.94240000","false","true","186246300","2773793759"
"1105200956","2025-09-18 15:18:04","BBUSDT","SELL","LONG","0.20000000","20000.00000000","4000.00000000","0.80000000 USDT","1982.00000000","false","true","186249481","2603996742"
"1105200956","2025-09-19 15:08:55","BBUSDT","SELL","LONG","0.19822000","616.00000000","122.10352000","0.06105176 USDT","59.94912000","false","false","187086408","2785635847"
"1105200956","2025-09-19 15:08:55","BBUSDT","SELL","LONG","0.19815000","51.00000000","10.10565000","0.00505282 USDT","4.95975000","false","false","187086425","2785635847"
"1105200956","2025-09-19 15:08:55","BBUSDT","SELL","LONG","0.19822000","490.00000000","97.12780000","0.04856390 USDT","47.68680000","false","false","187086409","2785635847"
"1105200956","2025-09-19 15:08:55","BBUSDT","SELL","LONG","0.19820000","51.00000000","10.10820000","0.00505410 USDT","4.96230000","false","false","187086411","2785635847"
"1105200956","2025-09-19 15:08:55","BBUSDT","SELL","LONG","0.19821000","51.00000000","10.10871000","0.00505435 USDT","4.96281000","false","false","187086410","2785635847"
"1105200956","2025-09-19 15:08:55","BBUSDT","SELL","LONG","0.19813000","32.00000000","6.34016000","0.00317008 USDT","3.11136000","false","false","187086431","2785635847"
"1105200956","2025-09-19 15:08:55","BBUSDT","SELL","LONG","0.19817000","1292.00000000","256.03564000","0.12801782 USDT","125.67284000","false","false","187086417","2785635847"
"1105200956","2025-09-19 15:08:55","BBUSDT","SELL","LONG","0.19815000","36.00000000","7.13340000","0.00356670 USDT","3.50100000","false","false","187086423","2785635847"
"1105200956","2025-09-19 15:08:55","BBUSDT","SELL","LONG","0.19813000","151.00000000","29.91763000","0.01495881 USDT","14.68173000","false","false","187086430","2785635847"
"1105200956","2025-09-19 15:08:55","BBUSDT","SELL","LONG","0.19815000","1646.00000000","326.15490000","0.16307745 USDT","160.07350000","false","false","187086422","2785635847"
"1105200956","2025-09-19 15:08:55","BBUSDT","SELL","LONG","0.19814000","51.00000000","10.10514000","0.00505257 USDT","4.95924000","false","false","187086426","2785635847"
"1105200956","2025-09-19 15:08:55","BBUSDT","SELL","LONG","0.19819000","84.00000000","16.64796000","0.00832398 USDT","8.17236000","false","false","187086413","2785635847"
"1105200956","2025-09-19 15:08:55","BBUSDT","SELL","LONG","0.19812000","51.00000000","10.10412000","0.00505206 USDT","4.95822000","false","false","187086432","2785635847"
"1105200956","2025-09-19 15:08:55","BBUSDT","SELL","LONG","0.19816000","1196.00000000","236.99936000","0.11849968 USDT","116.32296000","false","false","187086419","2785635847"
"1105200956","2025-09-19 15:08:55","BBUSDT","SELL","LONG","0.19818000","51.00000000","10.10718000","0.00505359 USDT","4.96128000","false","false","187086415","2785635847"
"1105200956","2025-09-19 15:08:55","BBUSDT","SELL","LONG","0.19812000","557.00000000","110.35284000","0.05517642 USDT","54.15154000","false","false","187086433","2785635847"
"1105200956","2025-09-19 15:08:55","BBUSDT","SELL","LONG","0.19814000","400.00000000","79.25600000","0.03962799 USDT","38.89600000","false","false","187086427","2785635847"
"1105200956","2025-09-19 15:08:55","BBUSDT","SELL","LONG","0.19816000","1646.00000000","326.17136000","0.16308568 USDT","160.08996000","false","false","187086420","2785635847"
"1105200956","2025-09-19 15:08:55","BBUSDT","SELL","LONG","0.19813000","84.00000000","16.64292000","0.00832145 USDT","8.16732000","false","false","187086429","2785635847"
"1105200956","2025-09-19 15:08:55","BBUSDT","SELL","LONG","0.19813000","51.00000000","10.10463000","0.00505231 USDT","4.95873000","false","false","187086428","2785635847"
"1105200956","2025-09-19 15:08:55","BBUSDT","SELL","LONG","0.19812000","553.00000000","109.56036000","0.05478018 USDT","53.76266000","false","false","187086434","2785635847"
"1105200956","2025-09-19 15:08:55","BBUSDT","SELL","LONG","0.19817000","84.00000000","16.64628000","0.00832314 USDT","8.17068000","false","false","187086416","2785635847"
"1105200956","2025-09-19 15:08:55","BBUSDT","SELL","LONG","0.19819000","51.00000000","10.10769000","0.00505384 USDT","4.96179000","false","false","187086414","2785635847"
"1105200956","2025-09-19 15:08:55","BBUSDT","SELL","LONG","0.19816000","51.00000000","10.10616000","0.00505308 USDT","4.96026000","false","false","187086421","2785635847"
"1105200956","2025-09-19 15:08:55","BBUSDT","SELL","LONG","0.19819000","539.00000000","106.82441000","0.05341220 USDT","52.43931000","false","false","187086412","2785635847"
"1105200956","2025-09-19 15:08:55","BBUSDT","SELL","LONG","0.19817000","51.00000000","10.10667000","0.00505333 USDT","4.96077000","false","false","187086418","2785635847"
"1105200956","2025-09-19 15:08:55","BBUSDT","SELL","LONG","0.19815000","84.00000000","16.64460000","0.00832230 USDT","8.16900000","false","false","187086424","2785635847"
"1105200956","2025-09-19 15:12:24","BBUSDT","SELL","LONG","0.19850000","10000.00000000","1985.00000000","0.39700000 USDT","976.00000000","false","true","187090146","2785656320"
"1105200956","2025-09-20 01:31:53","1000PEPEUSDC","BUY","LONG","0.01079000","57466.00000000","620.05814000","0.00000000 USDC","0E-8","true","true","164149099","5568155617"
"1105200956","2025-09-20 01:31:53","1000PEPEUSDC","BUY","LONG","0.01079000","242534.00000000","2616.94186000","0.00000000 USDC","0E-8","true","true","164149100","5568155617"
"1105200956","2025-09-20 02:12:46","BBUSDT","SELL","LONG","0.19650000","10818.00000000","2125.73700000","0.42514740 USDT","1034.20080000","false","true","187571255","2790274301"
"1105200956","2025-09-20 02:12:46","BBUSDT","SELL","LONG","0.19650000","4629.00000000","909.59850000","0.18191970 USDT","442.53240000","false","true","187571253","2790274301"
"1105200956","2025-09-20 02:12:46","BBUSDT","SELL","LONG","0.19650000","4553.00000000","894.66450000","0.17893290 USDT","435.26680000","false","true","187571254","2790274301"
"1105200956","2025-09-20 07:30:31","ENAUSDC","BUY","LONG","0.67180000","1000.00000000","671.80000000","0.00000000 USDC","0E-8","true","true","55615861","1527596954"
"1105200956","2025-09-21 12:06:36","1000BONKUSDC","BUY","LONG","0.02290200","32421.00000000","742.50574200","0.00000000 USDC","0E-8","true","true","63963348","2400208808"
"1105200956","2025-09-21 12:06:36","1000BONKUSDC","BUY","LONG","0.02290200","67579.00000000","1547.69425800","0.00000000 USDC","0E-8","true","true","63963347","2400208808"
"1105200956","2025-09-21 12:10:02","ENAUSDC","BUY","LONG","0.65940000","2000.00000000","1318.80000000","0.00000000 USDC","0E-8","true","true","55730367","1529869270"
"1105200956","2025-09-21 14:49:19","1000BONKUSDC","BUY","LONG","0.02288000","50000.00000000","1144.00000000","0.00000000 USDC","0E-8","true","true","63971892","2400211192"
"1105200956","2025-09-22 02:32:24","1000PEPEUSDC","BUY","LONG","0.01000000","31205.00000000","312.05000000","0.00000000 USDC","0E-8","true","true","164472310","5568287002"
"1105200956","2025-09-22 02:32:24","1000PEPEUSDC","BUY","LONG","0.01000000","467997.00000000","4679.97000000","0.00000000 USDC","0E-8","true","true","164472312","5568287002"
"1105200956","2025-09-22 02:32:24","1000PEPEUSDC","BUY","LONG","0.01000000","798.00000000","7.98000000","0.00000000 USDC","0E-8","true","true","164472311","5568287002"
"1105200956","2025-09-22 05:59:57","1000PEPEUSDC","BUY","LONG","0.00990000","500000.00000000","4950.00000000","0.00000000 USDC","0E-8","true","true","164509102","5568287639"
"1105200956","2025-09-22 06:01:07","SKYUSDT","BUY","LONG","0.06500000","50000.00000000","3250.00000000","0.65000000 USDT","0E-8","true","true","13427338","5780707"
"1105200956","2025-09-22 06:02:05","SKYUSDT","BUY","LONG","0.06400000","50000.00000000","3200.00000000","0.64000000 USDT","0E-8","true","true","13428761","5780454"
"1105200956","2025-09-22 06:02:15","SKYUSDT","BUY","LONG","0.06300000","50000.00000000","3150.00000000","0.63000000 USDT","0E-8","true","true","13429541","5779550"
"1105200956","2025-09-25 18:21:55","1000PEPEUSDC","BUY","LONG","0.00903500","200000.00000000","1807.00000000","0.00000000 USDC","0E-8","true","true","165315774","5605807998"
"1105200956","2025-09-25 18:26:18","ENAUSDC","BUY","LONG","0.56310000","3000.00000000","1689.30000000","0.00000000 USDC","0E-8","true","true","56424363","1545007610"
"1105200956","2025-09-25 18:32:50","CRVUSDT","BUY","LONG","0.64700000","2000.00000000","1294.00000000","0.25879999 USDT","0E-8","true","true","519402519","43709353216"
"1105200956","2025-09-25 18:34:28","CRVUSDT","BUY","LONG","0.64600000","1000.00000000","646.00000000","0.12920000 USDT","0E-8","true","true","519402886","43709359361"
"1105200956","2025-09-26 01:29:11","DOGEUSDC","BUY","LONG","0.22700000","1709.00000000","387.94300000","0.00000000 USDC","0E-8","true","true","119840428","4355101271"
"1105200956","2025-09-26 01:29:11","DOGEUSDC","BUY","LONG","0.22700000","8291.00000000","1882.05700000","0.00000000 USDC","0E-8","true","true","119840429","4355101271"
"1105200956","2025-09-26 02:15:45","ETHFIUSDT","BUY","LONG","1.48970000","139.50000000","207.81315000","0.10390657 USDT","0E-8","true","false","366135252","6383212500"
"1105200956","2025-09-26 02:15:45","ETHFIUSDT","BUY","LONG","1.48980000","6.80000000","10.13064000","0.00506532 USDT","0E-8","true","false","366135256","6383212500"
"1105200956","2025-09-26 02:15:45","ETHFIUSDT","BUY","LONG","1.48970000","42.60000000","63.46122000","0.03173061 USDT","0E-8","true","false","366135253","6383212500"
"1105200956","2025-09-26 02:15:45","ETHFIUSDT","BUY","LONG","1.48970000","296.10000000","441.10017000","0.22055008 USDT","0E-8","true","false","366135254","6383212500"
"1105200956","2025-09-26 02:15:45","ETHFIUSDT","BUY","LONG","1.48980000","296.10000000","441.12978000","0.22056489 USDT","0E-8","true","false","366135255","6383212500"
"1105200956","2025-09-26 02:15:45","ETHFIUSDT","BUY","LONG","1.48980000","3.40000000","5.06532000","0.00253266 USDT","0E-8","true","false","366135258","6383212500"
"1105200956","2025-09-26 02:15:45","ETHFIUSDT","BUY","LONG","1.48980000","11.10000000","16.53678000","0.00826839 USDT","0E-8","true","false","366135257","6383212500"
"1105200956","2025-09-26 02:15:46","ETHFIUSDT","BUY","LONG","1.48980000","4.40000000","6.55512000","0.00131102 USDT","0E-8","true","true","366135259","6383212500"
"1105200956","2025-09-26 02:19:17","PUMPUSDT","BUY","LONG","0.00520000","803.00000000","4.17560000","0.00083512 USDT","0E-8","true","true","101541601","1502960736"
"1105200956","2025-09-26 02:19:18","PUMPUSDT","BUY","LONG","0.00520000","199197.00000000","1035.82440000","0.20716488 USDT","0E-8","true","true","101541602","1502960736"
"1105200956","2025-09-26 02:23:07","ETHFIUSDC","BUY","LONG","1.48950000","750.90000000","1118.46555000","0.00000000 USDC","0E-8","true","true","44102566","1632016586"
"1105200956","2025-09-26 02:23:07","ETHFIUSDC","BUY","LONG","1.48950000","49.10000000","73.13445000","0.00000000 USDC","0E-8","true","true","44102567","1632016586"
"1105200956","2025-09-27 16:38:46","ETHFIUSDT","SELL","LONG","1.57330000","10.50000000","16.51965000","0.00825982 USDT","0.87737763","false","false","367692422","6404706054"
"1105200956","2025-09-27 16:38:46","ETHFIUSDT","SELL","LONG","1.57320000","212.00000000","333.51840000","0.16675920 USDT","17.69347229","false","false","367692424","6404706054"
"1105200956","2025-09-27 16:38:46","ETHFIUSDT","SELL","LONG","1.57300000","101.20000000","159.18760000","0.07959380 USDT","8.42588922","false","false","367692429","6404706054"
"1105200956","2025-09-27 16:38:46","ETHFIUSDT","SELL","LONG","1.57310000","6.40000000","10.06784000","0.00503392 USDT","0.53350255","false","false","367692428","6404706054"
"1105200956","2025-09-27 16:38:46","ETHFIUSDT","SELL","LONG","1.57300000","204.50000000","321.67850000","0.16083924 USDT","17.02662398","false","false","367692430","6404706054"
"1105200956","2025-09-27 16:38:46","ETHFIUSDT","SELL","LONG","1.57320000","6.40000000","10.06848000","0.00503424 USDT","0.53414255","false","false","367692425","6404706054"
"1105200956","2025-09-27 16:38:46","ETHFIUSDT","SELL","LONG","1.57310000","16.20000000","25.48422000","0.01274211 USDT","1.35042835","false","false","367692427","6404706054"
"1105200956","2025-09-27 16:38:46","ETHFIUSDT","SELL","LONG","1.57310000","209.60000000","329.72176000","0.16486087 USDT","17.47220883","false","false","367692426","6404706054"
"1105200956","2025-09-27 16:38:46","ETHFIUSDT","SELL","LONG","1.57330000","17.60000000","27.69008000","0.01384504 USDT","1.47065203","false","false","367692423","6404706054"
"1105200956","2025-09-27 16:38:46","ETHFIUSDT","SELL","LONG","1.57330000","15.60000000","24.54348000","0.01227174 USDT","1.30353248","false","false","367692421","6404706054"
"1105200956","2025-09-30 14:57:08","XPLUSDT","BUY","LONG","1.01200000","411.00000000","415.93200000","0.08318639 USDT","0E-8","true","true","100942257","783896747"
"1105200956","2025-09-30 14:59:55","XPLUSDT","BUY","LONG","1.01200000","589.00000000","596.06800000","0.11921360 USDT","0E-8","true","true","100961020","783896747"
"1105200956","2025-09-30 15:00:08","XPLUSDT","BUY","LONG","1.00880000","1000.00000000","1008.80000000","0.20176000 USDT","0E-8","true","true","100965086","783882364"
"1105200956","2025-09-30 21:19:00","XPLUSDT","SELL","LONG","1.06020000","1000.00000000","1060.20000000","0.21204000 USDT","49.80000000","false","true","102762118","806368186"
"1105200956","2025-10-01 02:18:39","BBUSDT","BUY","LONG","0.18268000","6186.00000000","1130.05848000","0.22601169 USDT","0E-8","true","true","196871880","2883233882"
"1105200956","2025-10-01 02:20:29","BBUSDT","BUY","LONG","0.18268000","3814.00000000","696.74152000","0.13934830 USDT","0E-8","true","true","196872057","2883233882"
"1105200956","2025-10-01 02:23:52","XPLUSDT","SELL","LONG","1.06000000","500.00000000","530.00000000","0.10600000 USDT","24.80000000","false","true","103828205","822223276"
"1105200956","2025-10-01 05:58:44","XPLUSDT","BUY","LONG","0.91200000","500.00000000","456.00000000","0.09120000 USDT","0E-8","true","true","104974624","836000759"
"1105200956","2025-10-01 06:01:31","PUMPUSDT","SELL","LONG","0.00632000","100000.00000000","632.00000000","0.12640000 USDT","112.00000000","false","true","107852347","1642837903"
"1105200956","2025-10-01 08:44:02","ETHFIUSDC","BUY","LONG","1.44600000","800.00000000","1156.80000000","0.00000000 USDC","0E-8","true","true","44793088","1647638687"
"1105200956","2025-10-01 09:20:10","BTCUSDC","SELL","SHORT","116259.90000000","0.02100000","2441.45790000","0.67140092 USDC","0E-8","false","false","250617701","27950500634"
"1105200956","2025-10-01 09:20:10","BTCUSDC","SELL","SHORT","116259.90000000","0.07900000","9184.53210000","2.52574632 USDC","0E-8","false","false","250617700","27950500634"
"1105200956","2025-10-01 09:48:02","PUMPUSDT","SELL","LONG","0.00668900","1596.00000000","10.67564400","0.00213512 USDT","2.37644400","false","true","108326800","1649665968"
"1105200956","2025-10-01 09:48:02","PUMPUSDT","SELL","LONG","0.00668900","44748.00000000","299.31937200","0.05986387 USDT","66.62977200","false","true","108326798","1649665968"
"1105200956","2025-10-01 09:48:02","PUMPUSDT","SELL","LONG","0.00668900","3656.00000000","24.45498400","0.00489099 USDT","5.44378400","false","true","108326764","1649665968"
"1105200956","2025-10-01 09:49:02","XPLUSDT","SELL","LONG","1.06000000","500.00000000","530.00000000","0.10600000 USDT","49.40000000","false","true","106317693","851163669"
"1105200956","2025-10-01 09:49:51","PUMPUSDT","SELL","LONG","0.00668600","50000.00000000","334.30000000","0.06686000 USDT","74.30000000","false","true","108328577","1649702429"
"1105200956","2025-10-01 10:00:04","XPLUSDT","SELL","LONG","1.06230000","500.00000000","531.15000000","0.10623000 USDT","50.55000000","false","true","106352992","851883229"
"1105200956","2025-10-01 10:17:25","BBUSDT","SELL","LONG","0.18860000","4723.00000000","890.75780000","0.17815156 USDT","27.96016000","false","true","197017066","2884912630"
"1105200956","2025-10-01 10:17:39","BBUSDT","SELL","LONG","0.18852000","361.00000000","68.05572000","0.01361114 USDT","2.10824000","false","true","197017105","2884913307"
"1105200956","2025-10-01 10:17:45","BBUSDT","SELL","LONG","0.18852000","3855.00000000","726.74460000","0.14534892 USDT","22.51320000","false","true","197017111","2884913307"
"1105200956","2025-10-01 10:17:45","BBUSDT","SELL","LONG","0.18852000","1061.00000000","200.01972000","0.04000394 USDT","6.19624000","false","true","197017110","2884913307"
"1105200956","2025-10-01 10:19:08","DOGEUSDC","SELL","LONG","0.24263000","10000.00000000","2426.30000000","0.00000000 USDC","156.30000000","false","true","121103147","4396470110"
"1105200956","2025-10-01 14:02:39","BTCUSDT","SELL","SHORT","117000.00000000","0.10000000","11700.00000000","2.34000000 USDT","0E-8","false","true","6671361131","781904357587"
"1105200956","2025-10-02 01:05:59","BTCUSDC","SELL","SHORT","118563.10000000","0.10000000","11856.31000000","0.00000000 USDC","0E-8","false","true","251129574","28046077949"
"1105200956","2025-10-02 01:23:56","WIFUSDC","BUY","LONG","0.76860000","195.00000000","149.87700000","0.04121617 USDC","0E-8","true","false","89921010","2950465737"
"1105200956","2025-10-02 01:23:56","WIFUSDC","BUY","LONG","0.76860000","251.50000000","193.30290000","0.05315829 USDC","0E-8","true","false","89921011","2950465737"
"1105200956","2025-10-02 01:23:56","WIFUSDC","BUY","LONG","0.76860000","263.90000000","202.83354000","0.05577922 USDC","0E-8","true","false","89921012","2950465737"
"1105200956","2025-10-02 01:23:59","WIFUSDC","BUY","LONG","0.76860000","59.10000000","45.42426000","0.00000000 USDC","0E-8","true","true","89921014","2950465737"
"1105200956","2025-10-02 01:23:59","WIFUSDC","BUY","LONG","0.76860000","230.50000000","177.16230000","0.00000000 USDC","0E-8","true","true","89921013","2950465737"
"1105200956","2025-10-02 01:27:13","WIFUSDC","BUY","LONG","0.77100000","372.60000000","287.27460000","0.00000000 USDC","0E-8","true","true","89921247","2950470458"
"1105200956","2025-10-02 01:27:13","WIFUSDC","BUY","LONG","0.77100000","627.40000000","483.72540000","0.00000000 USDC","0E-8","true","true","89921248","2950470458"
"1105200956","2025-10-02 01:28:03","BBUSDT","BUY","LONG","0.18264000","3167.00000000","578.42088000","0.11568417 USDT","0E-8","true","true","197221521","2887668792"
"1105200956","2025-10-02 01:28:03","BBUSDT","BUY","LONG","0.18264000","1833.00000000","334.77912000","0.06695582 USDT","0E-8","true","true","197221522","2887668792"
"1105200956","2025-10-02 01:30:56","ETHFIUSDC","BUY","LONG","1.44170000","400.00000000","576.68000000","0.00000000 USDC","0E-8","true","true","44870969","1649235408"
"1105200956","2025-10-02 01:40:14","LPTUSDT","BUY","LONG","6.48800000","9.80000000","63.58240000","0.03179120 USDT","0E-8","true","false","390947978","7216306005"
"1105200956","2025-10-02 01:40:14","LPTUSDT","BUY","LONG","6.48800000","2.50000000","16.22000000","0.00810999 USDT","0E-8","true","false","390947980","7216306005"
"1105200956","2025-10-02 01:40:14","LPTUSDT","BUY","LONG","6.48800000","36.70000000","238.10960000","0.11905480 USDT","0E-8","true","false","390947975","7216306005"
"1105200956","2025-10-02 01:40:14","LPTUSDT","BUY","LONG","6.48800000","0.90000000","5.83920000","0.00291960 USDT","0E-8","true","false","390947979","7216306005"
"1105200956","2025-10-02 01:40:14","LPTUSDT","BUY","LONG","6.48800000","15.80000000","102.51040000","0.05125520 USDT","0E-8","true","false","390947983","7216306005"
"1105200956","2025-10-02 01:40:14","LPTUSDT","BUY","LONG","6.48800000","3.00000000","19.46400000","0.00973199 USDT","0E-8","true","false","390947977","7216306005"
"1105200956","2025-10-02 01:40:14","LPTUSDT","BUY","LONG","6.48800000","14.40000000","93.42720000","0.04671360 USDT","0E-8","true","false","390947984","7216306005"
"1105200956","2025-10-02 01:40:14","LPTUSDT","BUY","LONG","6.48800000","6.10000000","39.57680000","0.01978840 USDT","0E-8","true","false","390947976","7216306005"
"1105200956","2025-10-02 01:40:14","LPTUSDT","BUY","LONG","6.48800000","3.70000000","24.00560000","0.01200280 USDT","0E-8","true","false","390947981","7216306005"
"1105200956","2025-10-02 01:40:14","LPTUSDT","BUY","LONG","6.48800000","7.10000000","46.06480000","0.02303240 USDT","0E-8","true","false","390947982","7216306005"
"1105200956","2025-10-02 01:41:03","BTCUSDC","SELL","SHORT","118710.00000000","0.10000000","11871.00000000","0.00000000 USDC","0E-8","false","true","251142403","28050657235"
"1105200956","2025-10-02 02:02:07","WLDUSDC","BUY","LONG","1.34050000","462.20000000","619.57910000","0.00000000 USDC","0E-8","true","true","66626647","4022279339"
"1105200956","2025-10-02 02:02:07","WLDUSDC","BUY","LONG","1.34050000","537.80000000","720.92090000","0.00000000 USDC","0E-8","true","true","66626648","4022279339"
"1105200956","2025-10-02 02:04:45","ENAUSDC","BUY","LONG","0.58680000","1000.00000000","586.80000000","0.00000000 USDC","0E-8","true","true","57117030","1560419662"
"1105200956","2025-10-02 04:18:57","XPLUSDT","BUY","LONG","0.91000000","1000.00000000","910.00000000","0.18200000 USDT","0E-8","true","true","111322724","901151868"
"1105200956","2025-10-02 06:04:27","WLDUSDC","BUY","LONG","1.33390000","221.20000000","295.05868000","0.00000000 USDC","0E-8","true","true","66644685","4022890626"
"1105200956","2025-10-02 06:04:27","WLDUSDC","BUY","LONG","1.33390000","175.90000000","234.63301000","0.00000000 USDC","0E-8","true","true","66644683","4022890626"
"1105200956","2025-10-02 06:04:27","WLDUSDC","BUY","LONG","1.33390000","219.80000000","293.19122000","0.00000000 USDC","0E-8","true","true","66644686","4022890626"
"1105200956","2025-10-02 06:04:27","WLDUSDC","BUY","LONG","1.33390000","363.20000000","484.47248000","0.00000000 USDC","0E-8","true","true","66644684","4022890626"
"1105200956","2025-10-02 06:04:27","WLDUSDC","BUY","LONG","1.33390000","19.90000000","26.54461000","0.00000000 USDC","0E-8","true","true","66644687","4022890626"
"1105200956","2025-10-02 06:45:54","ETHFIUSDC","SELL","LONG","1.53180000","1000.00000000","1531.80000000","0.00000000 USDC","69.26000000","false","true","44902646","1649968799"
"1105200956","2025-10-02 06:51:49","VIRTUALUSDT","BUY","LONG","1.11460000","1000.00000000","1114.60000000","0.22292000 USDT","0E-8","true","true","275281957","4708163147"
"1105200956","2025-10-02 07:30:39","AIXBTUSDT","BUY","LONG","0.09863000","10000.00000000","986.30000000","0.19726000 USDT","0E-8","true","true","258439515","3961156474"
"1105200956","2025-10-02 09:19:59","VIRTUALUSDT","SELL","LONG","1.12010000","25.00000000","28.00250000","0.00560050 USDT","0.13750000","false","true","275312762","4709234739"
"1105200956","2025-10-02 09:20:06","VIRTUALUSDT","SELL","LONG","1.12010000","218.60000000","244.85386000","0.04897077 USDT","1.20230000","false","true","275312765","4709234739"
"1105200956","2025-10-02 09:20:06","VIRTUALUSDT","SELL","LONG","1.12010000","203.30000000","227.71633000","0.04554326 USDT","1.11815000","false","true","275312763","4709234739"
"1105200956","2025-10-02 09:20:06","VIRTUALUSDT","SELL","LONG","1.12010000","209.00000000","234.10090000","0.04682018 USDT","1.14950000","false","true","275312764","4709234739"
"1105200956","2025-10-02 09:20:06","VIRTUALUSDT","SELL","LONG","1.12010000","344.10000000","385.42641000","0.07708528 USDT","1.89255000","false","true","275312766","4709234739"
"1105200956","2025-10-02 09:32:03","ETHFIUSDC","SELL","LONG","1.51900000","326.50000000","495.95350000","0.00000000 USDC","18.43419000","false","true","44918958","1650288317"
"1105200956","2025-10-02 09:32:03","ETHFIUSDC","SELL","LONG","1.51900000","335.10000000","509.01690000","0.00000000 USDC","18.91974600","false","true","44918961","1650288317"
"1105200956","2025-10-02 09:32:03","ETHFIUSDC","SELL","LONG","1.51900000","153.90000000","233.77410000","0.00000000 USDC","8.68919400","false","true","44918959","1650288317"
"1105200956","2025-10-02 09:32:03","ETHFIUSDC","SELL","LONG","1.51900000","184.50000000","280.25550000","0.00000000 USDC","10.41687000","false","true","44918960","1650288317"
"1105200956","2025-10-02 10:43:31","XPLUSDT","SELL","LONG","0.98030000","242.00000000","237.23260000","0.11861630 USDT","17.01260000","false","false","112372768","932176818"
"1105200956","2025-10-02 10:43:31","XPLUSDT","SELL","LONG","0.98040000","21.00000000","20.58840000","0.01029420 USDT","1.47840000","false","false","112372765","932176818"
"1105200956","2025-10-02 10:43:31","XPLUSDT","SELL","LONG","0.98030000","180.00000000","176.45400000","0.08822700 USDT","12.65400000","false","false","112372769","932176818"
"1105200956","2025-10-02 10:43:31","XPLUSDT","SELL","LONG","0.98040000","17.00000000","16.66680000","0.00833340 USDT","1.19680000","false","false","112372767","932176818"
"1105200956","2025-10-02 10:43:31","XPLUSDT","SELL","LONG","0.98040000","40.00000000","39.21600000","0.01960800 USDT","2.81600000","false","false","112372766","932176818"
"1105200956","2025-10-02 14:42:49","VIRTUALUSDT","BUY","LONG","1.10500000","211.00000000","233.15500000","0.04663100 USDT","0E-8","true","true","275423771","4709647066"
"1105200956","2025-10-02 14:42:49","VIRTUALUSDT","BUY","LONG","1.10500000","9.00000000","9.94500000","0.00198900 USDT","0E-8","true","true","275423768","4709647066"
"1105200956","2025-10-02 14:42:49","VIRTUALUSDT","BUY","LONG","1.10500000","780.00000000","861.90000000","0.17238000 USDT","0E-8","true","true","275423770","4709647066"
"1105200956","2025-10-02 16:58:11","VIRTUALUSDT","SELL","LONG","1.12470000","1000.00000000","1124.70000000","0.22494000 USDT","19.70000000","false","true","275488668","4713567494"
"1105200956","2025-10-03 00:20:27","BTCUSDC","SELL","SHORT","120260.00000000","0.05300000","6373.78000000","0.00000000 USDC","0E-8","false","true","251763286","28182338016"
"1105200956","2025-10-03 00:20:27","BTCUSDC","SELL","SHORT","120260.00000000","0.04700000","5652.22000000","0.00000000 USDC","0E-8","false","true","251763287","28182338016"
"1105200956","2025-10-03 01:41:40","STBLUSDT","BUY","LONG","0.27104000","188.00000000","50.95552000","0.02547776 USDT","0E-8","true","false","84977096","611208208"
"1105200956","2025-10-03 01:41:40","STBLUSDT","BUY","LONG","0.27106000","12.00000000","3.25272000","0.00162636 USDT","0E-8","true","false","84977097","611208208"
"1105200956","2025-10-03 01:42:19","STBLUSDT","BUY","LONG","0.27050000","1800.00000000","486.90000000","0.09738000 USDT","0E-8","true","true","84979202","611223283"
"1105200956","2025-10-03 03:11:01","STBLUSDT","BUY","LONG","0.26468000","1982.00000000","524.59576000","0.10491915 USDT","0E-8","true","true","85203365","612956793"
"1105200956","2025-10-03 03:11:01","STBLUSDT","BUY","LONG","0.26468000","18.00000000","4.76424000","0.00095284 USDT","0E-8","true","true","85203364","612956793"
"1105200956","2025-10-03 03:37:04","HBARUSDT","BUY","LONG","0.22539000","1348.00000000","303.82572000","0.06076514 USDT","0E-8","true","true","652316592","13548262588"
"1105200956","2025-10-03 03:37:04","HBARUSDT","BUY","LONG","0.22539000","218.00000000","49.13502000","0.00982700 USDT","0E-8","true","true","652316593","13548262588"
"1105200956","2025-10-03 03:37:04","HBARUSDT","BUY","LONG","0.22539000","3434.00000000","773.98926000","0.15479785 USDT","0E-8","true","true","652316594","13548262588"
"1105200956","2025-10-03 05:43:21","STBLUSDT","SELL","LONG","0.27880000","4000.00000000","1115.20000000","0.22304000 USDT","44.73176000","false","true","85482231","615488802"
"1105200956","2025-10-03 10:27:42","XPLUSDT","BUY","LONG","0.89450000","976.00000000","873.03200000","0.43651600 USDT","0E-8","true","false","116308053","993154267"
"1105200956","2025-10-03 10:27:42","XPLUSDT","BUY","LONG","0.89450000","24.00000000","21.46800000","0.01073400 USDT","0E-8","true","false","116308054","993154267"
"1105200956","2025-10-03 14:20:36","BBUSDT","SELL","LONG","0.20068000","4823.00000000","967.87964000","0.19357592 USDT","87.00692000","false","true","198129296","2897232092"
"1105200956","2025-10-03 14:20:40","BBUSDT","SELL","LONG","0.20068000","162.00000000","32.51016000","0.00650203 USDT","2.92248000","false","true","198129309","2897232092"
"1105200956","2025-10-03 14:21:01","BBUSDT","SELL","LONG","0.20056000","15.00000000","3.00840000","0.00060168 USDT","0.26880000","false","true","198129466","2897233304"
"1105200956","2025-10-05 05:17:54","AIXBTUSDT","SELL","LONG","0.09960000","10000.00000000","996.00000000","0.19920000 USDT","9.70000000","false","true","259121611","3973580466"
"1105200956","2025-10-05 05:36:13","LPTUSDT","SELL","LONG","6.61800000","100.00000000","661.80000000","0.13236000 USDT","13.00000000","false","true","391403441","7225260564"
"1105200956","2025-10-06 00:10:19","YGGUSDT","BUY","LONG","0.16400000","3813.00000000","625.33200000","0.12506640 USDT","0E-8","true","true","212227317","4334788291"
"1105200956","2025-10-06 00:10:19","YGGUSDT","BUY","LONG","0.16400000","1187.00000000","194.66800000","0.03893360 USDT","0E-8","true","true","212227318","4334788291"
"1105200956","2025-10-06 01:26:40","BBUSDT","BUY","LONG","0.19770000","2841.00000000","561.66570000","0.11233314 USDT","0E-8","true","true","199112007","2908135470"
"1105200956","2025-10-06 01:26:40","BBUSDT","BUY","LONG","0.19770000","2159.00000000","426.83430000","0.08536686 USDT","0E-8","true","true","199112006","2908135470"
"1105200956","2025-10-06 02:05:53","BTCUSDC","SELL","SHORT","124000.00000000","0.10000000","12400.00000000","0.00000000 USDC","0E-8","false","true","253628962","28568138951"
"1105200956","2025-10-06 11:55:58","EPTUSDT","SELL","LONG","0.00650000","70312.00000000","457.02800000","0.09140560 USDT","107.92802423","false","true","26935216","351622356"
"1105200956","2025-10-06 12:00:24","EPTUSDT","SELL","LONG","0.00660000","70312.00000000","464.05920000","0.09281184 USDT","114.95922423","false","true","26946565","351623784"
"1105200956","2025-10-06 12:18:59","EPTUSDT","SELL","LONG","0.00670000","70312.00000000","471.09040000","0.09421808 USDT","121.99042423","false","true","26983940","351622795"
"1105200956","2025-10-06 13:28:49","WLDUSDC","BUY","LONG","1.27400000","1000.00000000","1274.00000000","0.00000000 USDC","0E-8","true","true","67136488","4037595510"
"1105200956","2025-10-06 13:33:04","XPLUSDT","BUY","LONG","0.89940000","188.00000000","169.08720000","0.03381743 USDT","0E-8","true","true","126503034","1131729248"
"1105200956","2025-10-06 13:33:04","XPLUSDT","BUY","LONG","0.89940000","312.00000000","280.61280000","0.05612256 USDT","0E-8","true","true","126503035","1131729248"
"1105200956","2025-10-06 13:41:31","ENAUSDC","BUY","LONG","0.58700000","1000.00000000","587.00000000","0.00000000 USDC","0E-8","true","true","57742755","1573206253"
"1105200956","2025-10-06 13:43:14","ENAUSDC","BUY","LONG","0.58590000","1000.00000000","585.90000000","0.00000000 USDC","0E-8","true","true","57743170","1573215017"
"1105200956","2025-10-06 13:45:28","EPTUSDT","SELL","LONG","0.00720000","35157.00000000","253.13040000","0.05062608 USDT","78.57544710","false","true","27186304","353594808"
"1105200956","2025-10-06 13:48:32","EPTUSDT","SELL","LONG","0.00715000","35157.00000000","251.37255000","0.05027451 USDT","76.81759710","false","true","27192467","353629600"
"1105200956","2025-10-06 20:33:38","XPLUSDT","SELL","LONG","0.98070000","1000.00000000","980.70000000","0.19614000 USDT","81.10000000","false","true","127531446","1146573264"
"1105200956","2025-10-07 03:33:14","YGGUSDT","BUY","LONG","0.16200000","5000.00000000","810.00000000","0.16200000 USDT","0E-8","true","true","212309840","4334789205"
"1105200956","2025-10-07 04:04:28","XPLUSDT","SELL","LONG","1.04000000","1000.00000000","1040.00000000","0.20800000 USDT","140.40000000","false","true","129292552","1170018413"
"1105200956","2025-10-07 04:44:40","BBUSDT","BUY","LONG","0.19324000","59.00000000","11.40116000","0.00570058 USDT","0E-8","true","false","199428882","2912324458"
"1105200956","2025-10-07 04:44:40","BBUSDT","BUY","LONG","0.19326000","29.00000000","5.60454000","0.00280227 USDT","0E-8","true","false","199428886","2912324458"
"1105200956","2025-10-07 04:44:40","BBUSDT","BUY","LONG","0.19325000","52.00000000","10.04900000","0.00502450 USDT","0E-8","true","false","199428884","2912324458"
"1105200956","2025-10-07 04:44:40","BBUSDT","BUY","LONG","0.19325000","37.00000000","7.15025000","0.00357512 USDT","0E-8","true","false","199428883","2912324458"
"1105200956","2025-10-07 04:44:40","BBUSDT","BUY","LONG","0.19326000","52.00000000","10.04952000","0.00502475 USDT","0E-8","true","false","199428888","2912324458"
"1105200956","2025-10-07 04:44:40","BBUSDT","BUY","LONG","0.19326000","86.00000000","16.62036000","0.00831018 USDT","0E-8","true","false","199428887","2912324458"
"1105200956","2025-10-07 04:44:40","BBUSDT","BUY","LONG","0.19326000","2281.00000000","440.82606000","0.22041303 USDT","0E-8","true","false","199428885","2912324458"
"1105200956","2025-10-07 04:44:42","BBUSDT","BUY","LONG","0.19326000","83.00000000","16.04058000","0.00320811 USDT","0E-8","true","true","199428889","2912324458"
"1105200956","2025-10-07 04:45:20","BBUSDT","BUY","LONG","0.19326000","2321.00000000","448.55646000","0.08971129 USDT","0E-8","true","true","199428981","2912324458"
"1105200956","2025-10-07 06:08:08","HBARUSDT","SELL","LONG","0.22890000","387.00000000","88.58430000","0.01771686 USDT","1.35837000","false","true","654541607","13621175134"
"1105200956","2025-10-07 06:08:09","HBARUSDT","SELL","LONG","0.22890000","36.00000000","8.24040000","0.00164808 USDT","0.12636000","false","true","654541608","13621175134"
"1105200956","2025-10-07 06:08:10","HBARUSDT","SELL","LONG","0.22890000","2546.00000000","582.77940000","0.11655588 USDT","8.93646000","false","true","654541610","13621175134"
"1105200956","2025-10-07 06:08:10","HBARUSDT","SELL","LONG","0.22890000","2031.00000000","464.89590000","0.09297918 USDT","7.12881000","false","true","654541611","13621175134"
"1105200956","2025-10-07 07:41:07","BBUSDT","BUY","LONG","0.19000000","95.00000000","18.05000000","0.00361000 USDT","0E-8","true","true","199466777","2901854427"
"1105200956","2025-10-07 07:41:07","BBUSDT","BUY","LONG","0.19000000","4346.00000000","825.74000000","0.16514799 USDT","0E-8","true","true","199466775","2901854427"
"1105200956","2025-10-07 07:41:07","BBUSDT","BUY","LONG","0.19000000","75.00000000","14.25000000","0.00285000 USDT","0E-8","true","true","199466778","2901854427"
"1105200956","2025-10-07 07:41:07","BBUSDT","BUY","LONG","0.19000000","431.00000000","81.89000000","0.01637800 USDT","0E-8","true","true","199466781","2901854427"
"1105200956","2025-10-07 07:41:07","BBUSDT","BUY","LONG","0.19000000","53.00000000","10.07000000","0.00201400 USDT","0E-8","true","true","199466779","2901854427"
"1105200956","2025-10-07 15:47:40","YGGUSDT","BUY","LONG","0.16000000","5000.00000000","800.00000000","0.16000000 USDT","0E-8","true","true","212366529","4334788373"
"1105200956","2025-10-10 03:54:01","ETHUSDC","SELL","SHORT","4360.56000000","0.66500000","2899.77240000","0.79743741 USDC","0E-8","false","false","349875026","30738831314"
"1105200956","2025-10-10 03:54:01","ETHUSDC","SELL","SHORT","4360.56000000","0.33500000","1460.78760000","0.40171659 USDC","0E-8","false","false","349875027","30738831314"
"1105200956","2025-10-10 07:58:59","BBUSDT","BUY","LONG","0.16800000","5000.00000000","840.00000000","0.16800000 USDT","0E-8","true","true","200487237","2926605260"
"1105200956","2025-10-10 09:08:53","BBUSDT","BUY","LONG","0.16680000","5000.00000000","834.00000000","0.16680000 USDT","0E-8","true","true","200502036","2926608128"
"1105200956","2025-10-10 09:12:03","YGGUSDT","SELL","LONG","0.17600000","5004.00000000","880.70400000","0.17614080 USDT","70.05600000","false","true","212654043","4350002145"
"1105200956","2025-10-10 09:12:03","YGGUSDT","SELL","LONG","0.17600000","834.00000000","146.78400000","0.02935680 USDT","11.67600000","false","true","212654044","4350002145"
"1105200956","2025-10-10 09:12:03","YGGUSDT","SELL","LONG","0.17600000","1068.00000000","187.96800000","0.03759360 USDT","14.95200000","false","true","212654042","4350002145"
"1105200956","2025-10-10 09:12:03","YGGUSDT","SELL","LONG","0.17600000","1734.00000000","305.18400000","0.06103680 USDT","24.27600000","false","true","212654040","4350002145"
"1105200956","2025-10-10 09:12:03","YGGUSDT","SELL","LONG","0.17600000","1028.00000000","180.92800000","0.03618560 USDT","14.39200000","false","true","212654039","4350002145"
"1105200956","2025-10-10 09:12:04","YGGUSDT","SELL","LONG","0.17600000","5332.00000000","938.43200000","0.18768640 USDT","74.64800000","false","true","212654113","4350002145"
"1105200956","2025-10-10 14:16:25","STBLUSDT","BUY","LONG","0.17662000","242.00000000","42.74204000","0.02137102 USDT","0E-8","true","false","100979199","746345267"
"1105200956","2025-10-10 14:16:25","STBLUSDT","BUY","LONG","0.17662000","279.00000000","49.27698000","0.02463849 USDT","0E-8","true","false","100979198","746345267"
"1105200956","2025-10-10 14:17:00","STBLUSDT","BUY","LONG","0.17662000","2490.00000000","439.78380000","0.08795676 USDT","0E-8","true","true","100980057","746345267"
"1105200956","2025-10-10 14:17:00","STBLUSDT","BUY","LONG","0.17662000","6989.00000000","1234.39718000","0.24687943 USDT","0E-8","true","true","100980058","746345267"
"1105200956","2025-10-10 15:30:45","BBUSDT","BUY","LONG","0.16000000","5000.00000000","800.00000000","0.16000000 USDT","0E-8","true","true","200617171","2929093935"
"1105200956","2025-10-10 15:34:44","BBUSDT","BUY","LONG","0.15500000","5000.00000000","775.00000000","0.15500000 USDT","0E-8","true","true","200631684","2927907605"
"1105200956","2025-10-10 17:03:02","BTCUSDC","BUY","SHORT","118188.00000000","0.25000000","29547.00000000","0.00000000 USDC","342.65000000","true","true","257298987","29031066522"
"1105200956","2025-10-10 17:05:05","BTCUSDC","BUY","SHORT","118088.00000000","0.23700000","27986.85600000","0.00000000 USDC","348.53220000","true","true","257302401","29031058652"
"1105200956","2025-10-10 17:05:05","BTCUSDC","BUY","SHORT","118088.00000000","0.01300000","1535.14400000","0.00000000 USDC","19.11780000","true","true","257302402","29031058652"
"1105200956","2025-10-10 19:50:53","DOGEUSDC","BUY","LONG","0.23259000","10000.00000000","2325.90000000","0.00000000 USDC","0E-8","true","true","124274279","4494410004"
"1105200956","2025-10-10 20:01:05","ETHUSDC","BUY","SHORT","3998.00000000","1.00000000","3998.00000000","0.00000000 USDC","362.56000000","true","true","351360404","30858588320"
"1105200956","2025-10-10 20:07:13","WIFUSDC","BUY","LONG","0.66350000","528.90000000","350.92515000","0.00000000 USDC","0E-8","true","true","91004943","2979398030"
"1105200956","2025-10-10 20:07:13","WIFUSDC","BUY","LONG","0.66350000","471.10000000","312.57485000","0.00000000 USDC","0E-8","true","true","91004942","2979398030"
"1105200956","2025-10-10 20:07:50","WIFUSDC","BUY","LONG","0.66190000","560.80000000","371.19352000","0.00000000 USDC","0E-8","true","true","91005012","2979400202"
"1105200956","2025-10-10 20:07:50","WIFUSDC","BUY","LONG","0.66190000","439.20000000","290.70648000","0.00000000 USDC","0E-8","true","true","91005013","2979400202"
"1105200956","2025-10-10 20:50:13","WIFUSDT","BUY","LONG","0.66050000","1000.00000000","660.50000000","0.13210000 USDT","0E-8","true","true","1141711993","21074092073"
"1105200956","2025-10-10 20:56:19","BBUSDT","BUY","LONG","0.15000000","5000.00000000","750.00000000","0.15000000 USDT","0E-8","true","true","200767226","2927907120"
"1105200956","2025-10-10 20:56:21","YGGUSDT","BUY","LONG","0.16000000","5000.00000000","800.00000000","0.16000000 USDT","0E-8","true","true","212760555","4351028280"
"1105200956","2025-10-10 20:56:25","YGGUSDT","BUY","LONG","0.15800000","5000.00000000","790.00000000","0.15800000 USDT","0E-8","true","true","212760803","4351026610"
"1105200956","2025-10-10 20:56:27","YGGUSDT","BUY","LONG","0.15600000","5000.00000000","780.00000000","0.15600000 USDT","0E-8","true","true","212760974","4351027486"
"1105200956","2025-10-10 21:03:01","STBLUSDT","BUY","LONG","0.14130000","5081.00000000","717.94530000","0.14358905 USDT","0E-8","true","true","101681410","751593559"
"1105200956","2025-10-10 21:03:01","STBLUSDT","BUY","LONG","0.14130000","352.00000000","49.73760000","0.00994752 USDT","0E-8","true","true","101681420","751593559"
"1105200956","2025-10-10 21:03:01","STBLUSDT","BUY","LONG","0.14130000","79.00000000","11.16270000","0.00223254 USDT","0E-8","true","true","101681412","751593559"
"1105200956","2025-10-10 21:03:02","STBLUSDT","BUY","LONG","0.14130000","4488.00000000","634.15440000","0.12683088 USDT","0E-8","true","true","101681492","751593559"
"1105200956","2025-10-10 21:13:08","YGGUSDT","BUY","LONG","0.15000000","5000.00000000","750.00000000","0.15000000 USDT","0E-8","true","true","212779166","4351688969"
"1105200956","2025-10-10 21:17:48","BTCUSDT","BUY","SHORT","106088.00000000","0.50000000","53044.00000000","10.60880000 USDT","62.36399995","true","true","6706175848","782113054178"
"1105200956","2025-10-10 21:18:53","SKYUSDT","SELL","LONG","0.04781000","2387.00000000","114.12247000","0.00000000 USDT","-41.62928000","false","false","15949831","100084604"
"1105200956","2025-10-10 21:18:53","SKYUSDT","SELL","LONG","0.04773000","4126.00000000","196.93398000","0.00000000 USDT","-72.28752000","false","false","15949836","100084604"
"1105200956","2025-10-10 21:18:53","SKYUSDT","SELL","LONG","0.04777000","4126.00000000","197.09902000","0.00000000 USDT","-72.12248000","false","false","15949833","100084604"
"1105200956","2025-10-10 21:18:53","SKYUSDT","SELL","LONG","0.04780000","28204.00000000","1348.15120000","0.00000000 USDT","-492.15980000","false","false","15949832","100084604"
"1105200956","2025-10-10 21:18:53","SKYUSDT","SELL","LONG","0.04776000","26886.00000000","1284.07536000","0.00000000 USDT","-470.23614000","false","false","15949835","100084604"
"1105200956","2025-10-10 21:18:53","SKYUSDT","SELL","LONG","0.04757000","56546.00000000","2689.89322000","0.00000000 USDT","-999.73328000","false","false","15949838","100084604"
"1105200956","2025-10-10 21:18:53","SKYUSDT","SELL","LONG","0.04756000","46843.00000000","2227.85308000","0.00000000 USDT","-828.65267000","false","false","15949839","100084604"
"1105200956","2025-10-10 21:18:53","SKYUSDT","SELL","LONG","0.04768000","2678.00000000","127.68704000","0.00000000 USDT","-47.05246000","false","false","15949837","100084604"
"1105200956","2025-10-10 21:18:53","SKYUSDT","SELL","LONG","0.04777000","28204.00000000","1347.30508000","0.00000000 USDT","-493.00592000","false","false","15949834","100084604"
"1105200956","2025-10-10 21:19:53","1000BONKUSDC","SELL","LONG","0.00902100","150000.00000000","1353.15000000","0.00000000 USDC","-2081.05000000","false","false","66939787","2476950170"
"1105200956","2025-10-10 21:19:53","1000PEPEUSDC","SELL","LONG","0.00437270","1500000.00000000","6559.05000000","0.00000000 USDC","-8434.95000000","false","false","168132947","5704107097"
"1105200956","2025-10-10 21:19:53","BBUSDT","SELL","LONG","0.09118000","40000.00000000","3647.20000000","0.00000000 USDT","-3256.59793000","false","false","200813149","2931185133"
"1105200956","2025-10-10 21:19:53","CRVUSDT","SELL","LONG","0.30700000","5000.00000000","1535.00000000","0.00000000 USDT","-2387.00000000","false","false","522334677","43883133131"
"1105200956","2025-10-10 21:19:53","DOGEUSDC","SELL","LONG","0.12807000","10000.00000000","1280.70000000","0.00000000 USDC","-1045.20000000","false","false","124442666","4495979416"
"1105200956","2025-10-10 21:19:53","ENAUSDC","SELL","LONG","0.20560000","13000.00000000","2672.80000000","0.00000000 USDC","-5712.70000000","false","false","58577822","1589994440"
"1105200956","2025-10-10 21:19:53","STBLUSDT","SELL","LONG","0.12210000","20000.00000000","2442.00000000","0.00000000 USDT","-737.20000000","false","false","101758275","751900061"
"1105200956","2025-10-10 21:19:53","WIFUSDC","SELL","LONG","0.31200000","5000.00000000","1560.00000000","0.00000000 USDC","-2273.00000000","false","false","91055747","2979918929"
"1105200956","2025-10-10 21:19:53","WIFUSDT","SELL","LONG","0.27560000","2000.00000000","551.20000000","0.00000000 USDT","-1132.90000000","false","false","1141964828","21076234662"
"1105200956","2025-10-10 21:19:53","WLDUSDC","SELL","LONG","0.35900000","3000.00000000","1077.00000000","0.00000000 USDC","-2871.39999999","false","false","67840221","4060173039"
"1105200956","2025-10-10 21:19:53","YGGUSDT","SELL","LONG","0.13920000","20000.00000000","2784.00000000","0.00000000 USDT","-336.00000000","false","false","212800661","4352096940"
"1105200956","2025-10-10 23:15:03","STBLUSDT","BUY","LONG","0.11587000","1726.00000000","199.99162000","0.09999581 USDT","0E-8","true","false","102019861","753179010"
"1105200956","2025-10-10 23:15:03","STBLUSDT","BUY","LONG","0.11584000","1056.00000000","122.32704000","0.06116352 USDT","0E-8","true","false","102019855","753179010"
"1105200956","2025-10-10 23:15:03","STBLUSDT","BUY","LONG","0.11587000","232.00000000","26.88184000","0.01344092 USDT","0E-8","true","false","102019863","753179010"
"1105200956","2025-10-10 23:15:03","STBLUSDT","BUY","LONG","0.11585000","1346.00000000","155.93410000","0.07796705 USDT","0E-8","true","false","102019856","753179010"
"1105200956","2025-10-10 23:15:03","STBLUSDT","BUY","LONG","0.11584000","901.00000000","104.37184000","0.05218592 USDT","0E-8","true","false","102019854","753179010"
"1105200956","2025-10-10 23:15:03","STBLUSDT","BUY","LONG","0.11573000","300.00000000","34.71900000","0.01735950 USDT","0E-8","true","false","102019840","753179010"
"1105200956","2025-10-10 23:15:03","STBLUSDT","BUY","LONG","0.11580000","46.00000000","5.32680000","0.00266340 USDT","0E-8","true","false","102019847","753179010"
"1105200956","2025-10-10 23:15:03","STBLUSDT","BUY","LONG","0.11580000","45.00000000","5.21100000","0.00260550 USDT","0E-8","true","false","102019848","753179010"
"1105200956","2025-10-10 23:15:03","STBLUSDT","BUY","LONG","0.11586000","1054.00000000","122.11644000","0.06105822 USDT","0E-8","true","false","102019859","753179010"
"1105200956","2025-10-10 23:15:03","STBLUSDT","BUY","LONG","0.11576000","224.00000000","25.93024000","0.01296512 USDT","0E-8","true","false","102019842","753179010"
"1105200956","2025-10-10 23:15:03","STBLUSDT","BUY","LONG","0.11585000","813.00000000","94.18605000","0.04709302 USDT","0E-8","true","false","102019858","753179010"
"1105200956","2025-10-10 23:15:03","STBLUSDT","BUY","LONG","0.11582000","425.00000000","49.22350000","0.02461175 USDT","0E-8","true","false","102019853","753179010"
"1105200956","2025-10-10 23:15:03","STBLUSDT","BUY","LONG","0.11575000","224.00000000","25.92800000","0.01296400 USDT","0E-8","true","false","102019841","753179010"
"1105200956","2025-10-10 23:15:03","STBLUSDT","BUY","LONG","0.11577000","224.00000000","25.93248000","0.01296624 USDT","0E-8","true","false","102019843","753179010"
"1105200956","2025-10-10 23:15:03","STBLUSDT","BUY","LONG","0.11578000","45.00000000","5.21010000","0.00260504 USDT","0E-8","true","false","102019844","753179010"
"1105200956","2025-10-10 23:15:03","STBLUSDT","BUY","LONG","0.11581000","1727.00000000","200.00387000","0.10000193 USDT","0E-8","true","false","102019849","753179010"
"1105200956","2025-10-10 23:15:03","STBLUSDT","BUY","LONG","0.11579000","1178.00000000","136.40062000","0.06820031 USDT","0E-8","true","false","102019846","753179010"
"1105200956","2025-10-10 23:15:03","STBLUSDT","BUY","LONG","0.11585000","863.00000000","99.97855000","0.04998927 USDT","0E-8","true","false","102019857","753179010"
"1105200956","2025-10-10 23:15:03","STBLUSDT","BUY","LONG","0.11579000","1585.00000000","183.52715000","0.09176357 USDT","0E-8","true","false","102019845","753179010"
"1105200956","2025-10-10 23:15:03","STBLUSDT","BUY","LONG","0.11582000","1370.00000000","158.67340000","0.07933670 USDT","0E-8","true","false","102019851","753179010"
"1105200956","2025-10-10 23:15:03","STBLUSDT","BUY","LONG","0.11582000","300.00000000","34.74600000","0.01737300 USDT","0E-8","true","false","102019850","753179010"
"1105200956","2025-10-10 23:15:03","STBLUSDT","BUY","LONG","0.11582000","864.00000000","100.06848000","0.05003424 USDT","0E-8","true","false","102019852","753179010"
"1105200956","2025-10-10 23:15:03","STBLUSDT","BUY","LONG","0.11587000","1726.00000000","199.99162000","0.09999581 USDT","0E-8","true","false","102019860","753179010"
"1105200956","2025-10-10 23:15:03","STBLUSDT","BUY","LONG","0.11587000","1726.00000000","199.99162000","0.09999581 USDT","0E-8","true","false","102019862","753179010"
"1105200956","2025-10-10 23:42:53","STBLUSDT","BUY","LONG","0.12122000","20000.00000000","2424.40000000","0.48488000 USDT","0E-8","true","true","102093873","753594498"
"1105200956","2025-10-11 00:31:11","STBLUSDT","BUY","LONG","0.11350000","20000.00000000","2270.00000000","0.45400000 USDT","0E-8","true","true","102203126","754221395"
"1105200956","2025-10-11 00:50:24","SOLUSDT","BUY","LONG","189.99000000","1.74000000","330.58260000","0.16529130 USDT","0E-8","true","false","2764850677","154790332057"
"1105200956","2025-10-11 00:50:24","SOLUSDT","BUY","LONG","189.99000000","0.05000000","9.49950000","0.00474974 USDT","0E-8","true","false","2764850678","154790332057"
"1105200956","2025-10-11 00:50:24","SOLUSDT","BUY","LONG","189.98000000","0.03000000","5.69940000","0.00284970 USDT","0E-8","true","false","2764850673","154790332057"
"1105200956","2025-10-11 00:50:24","SOLUSDT","BUY","LONG","189.99000000","0.54000000","102.59460000","0.05129730 USDT","0E-8","true","false","2764850674","154790332057"
"1105200956","2025-10-11 00:50:24","SOLUSDT","BUY","LONG","189.99000000","0.14000000","26.59860000","0.01329930 USDT","0E-8","true","false","2764850676","154790332057"
"1105200956","2025-10-11 00:50:24","SOLUSDT","BUY","LONG","189.98000000","0.05000000","9.49900000","0.00474950 USDT","0E-8","true","false","2764850672","154790332057"
"1105200956","2025-10-11 00:50:24","SOLUSDT","BUY","LONG","189.99000000","164.72000000","31295.15280000","15.64757640 USDT","0E-8","true","false","2764850679","154790332057"
"1105200956","2025-10-11 00:50:24","SOLUSDT","BUY","LONG","189.99000000","0.36000000","68.39640000","0.03419820 USDT","0E-8","true","false","2764850675","154790332057"
"1105200956","2025-10-11 02:19:26","UNIUSDC","BUY","LONG","5.80000000","78.00000000","452.40000000","0.00000000 USDC","0E-8","true","true","6829067","250732183"
"1105200956","2025-10-11 02:19:50","UNIUSDC","BUY","LONG","5.80000000","7.00000000","40.60000000","0.00000000 USDC","0E-8","true","true","6829116","250732183"
"1105200956","2025-10-11 02:19:50","UNIUSDC","BUY","LONG","5.80000000","52.00000000","301.60000000","0.00000000 USDC","0E-8","true","true","6829104","250732183"
"1105200956","2025-10-11 02:19:50","UNIUSDC","BUY","LONG","5.80000000","37.00000000","214.60000000","0.00000000 USDC","0E-8","true","true","6829103","250732183"
"1105200956","2025-10-11 02:19:50","UNIUSDC","BUY","LONG","5.80000000","36.00000000","208.80000000","0.00000000 USDC","0E-8","true","true","6829113","250732183"
"1105200956","2025-10-11 02:19:50","UNIUSDC","BUY","LONG","5.80000000","152.00000000","881.60000000","0.00000000 USDC","0E-8","true","true","6829112","250732183"
"1105200956","2025-10-11 02:19:50","UNIUSDC","BUY","LONG","5.80000000","69.00000000","400.20000000","0.00000000 USDC","0E-8","true","true","6829107","250732183"
"1105200956","2025-10-11 02:19:50","UNIUSDC","BUY","LONG","5.80000000","5.00000000","29.00000000","0.00000000 USDC","0E-8","true","true","6829110","250732183"
"1105200956","2025-10-11 02:19:50","UNIUSDC","BUY","LONG","5.80000000","5.00000000","29.00000000","0.00000000 USDC","0E-8","true","true","6829109","250732183"
"1105200956","2025-10-11 02:19:50","UNIUSDC","BUY","LONG","5.80000000","98.00000000","568.40000000","0.00000000 USDC","0E-8","true","true","6829106","250732183"
"1105200956","2025-10-11 02:19:50","UNIUSDC","BUY","LONG","5.80000000","5.00000000","29.00000000","0.00000000 USDC","0E-8","true","true","6829111","250732183"
"1105200956","2025-10-11 02:19:50","UNIUSDC","BUY","LONG","5.80000000","90.00000000","522.00000000","0.00000000 USDC","0E-8","true","true","6829114","250732183"
"1105200956","2025-10-11 02:19:50","UNIUSDC","BUY","LONG","5.80000000","90.00000000","522.00000000","0.00000000 USDC","0E-8","true","true","6829117","250732183"
"1105200956","2025-10-11 02:19:50","UNIUSDC","BUY","LONG","5.80000000","6.00000000","34.80000000","0.00000000 USDC","0E-8","true","true","6829119","250732183"
"1105200956","2025-10-11 02:19:50","UNIUSDC","BUY","LONG","5.80000000","7.00000000","40.60000000","0.00000000 USDC","0E-8","true","true","6829115","250732183"
"1105200956","2025-10-11 02:19:50","UNIUSDC","BUY","LONG","5.80000000","110.00000000","638.00000000","0.00000000 USDC","0E-8","true","true","6829108","250732183"
"1105200956","2025-10-11 02:19:50","UNIUSDC","BUY","LONG","5.80000000","159.00000000","922.20000000","0.00000000 USDC","0E-8","true","true","6829105","250732183"
"1105200956","2025-10-11 02:19:50","UNIUSDC","BUY","LONG","5.80000000","87.00000000","504.60000000","0.00000000 USDC","0E-8","true","true","6829118","250732183"
"1105200956","2025-10-11 02:19:50","UNIUSDC","BUY","LONG","5.80000000","7.00000000","40.60000000","0.00000000 USDC","0E-8","true","true","6829120","250732183"
"1105200956","2025-10-11 02:56:01","SKYUSDT","SELL","SHORT","0.05993000","250.00000000","14.98250000","0.00749125 USDT","0E-8","false","false","16131861","101286578"
"1105200956","2025-10-11 02:56:01","SKYUSDT","SELL","SHORT","0.05993000","89322.00000000","5353.06746000","1.07061349 USDT","0E-8","false","true","16131868","101286578"
"1105200956","2025-10-11 02:56:01","SKYUSDT","SELL","SHORT","0.05993000","6973.00000000","417.89189000","0.20894594 USDT","0E-8","false","false","16131859","101286578"
"1105200956","2025-10-11 02:56:01","SKYUSDT","SELL","SHORT","0.05993000","3455.00000000","207.05815000","0.10352907 USDT","0E-8","false","false","16131860","101286578"
"1105200956","2025-10-11 04:07:39","SOLUSDT","BUY","LONG","184.40000000","23.81000000","4390.56400000","0.87811280 USDT","0E-8","true","true","2765963115","154855712478"
"1105200956","2025-10-11 04:07:39","SOLUSDT","BUY","LONG","184.40000000","1.14000000","210.21600000","0.04204320 USDT","0E-8","true","true","2765963114","154855712478"
"1105200956","2025-10-11 04:07:39","SOLUSDT","BUY","LONG","184.40000000","7.74000000","1427.25600000","0.28545120 USDT","0E-8","true","true","2765963112","154855712478"
"1105200956","2025-10-11 04:09:30","SKYUSDT","BUY","SHORT","0.05856000","156.00000000","9.13536000","0.00182707 USDT","0.21372000","true","true","16144081","101553131"
"1105200956","2025-10-11 04:09:30","SKYUSDT","BUY","SHORT","0.05856000","9106.00000000","533.24736000","0.10664947 USDT","12.47522000","true","true","16144073","101553131"
"1105200956","2025-10-11 04:09:30","SKYUSDT","BUY","SHORT","0.05856000","1077.00000000","63.06912000","0.01261382 USDT","1.47549000","true","true","16144075","101553131"
"1105200956","2025-10-11 04:09:30","SKYUSDT","BUY","SHORT","0.05856000","4755.00000000","278.45280000","0.05569056 USDT","6.51435000","true","true","16144077","101553131"
"1105200956","2025-10-11 04:09:30","SKYUSDT","BUY","SHORT","0.05856000","123.00000000","7.20288000","0.00144057 USDT","0.16851000","true","true","16144082","101553131"
"1105200956","2025-10-11 04:09:30","SKYUSDT","BUY","SHORT","0.05856000","7404.00000000","433.57824000","0.08671564 USDT","10.14348000","true","true","16144076","101553131"
"1105200956","2025-10-11 04:09:30","SKYUSDT","BUY","SHORT","0.05856000","16138.00000000","945.04128000","0.18900825 USDT","22.10906000","true","true","16144074","101553131"
"1105200956","2025-10-11 04:09:30","SKYUSDT","BUY","SHORT","0.05856000","1077.00000000","63.06912000","0.01261382 USDT","1.47549000","true","true","16144078","101553131"
"1105200956","2025-10-11 04:09:31","SKYUSDT","BUY","SHORT","0.05856000","151.00000000","8.84256000","0.00176851 USDT","0.20687000","true","true","16144084","101553131"
"1105200956","2025-10-11 04:09:31","SKYUSDT","BUY","SHORT","0.05856000","1377.00000000","80.63712000","0.01612742 USDT","1.88649000","true","true","16144083","101553131"
"1105200956","2025-10-11 04:09:32","SKYUSDT","BUY","SHORT","0.05856000","151.00000000","8.84256000","0.00176851 USDT","0.20687000","true","true","16144085","101553131"
"1105200956","2025-10-11 04:09:33","SKYUSDT","BUY","SHORT","0.05856000","139.00000000","8.13984000","0.00162796 USDT","0.19043000","true","true","16144086","101553131"
"1105200956","2025-10-11 04:09:34","SKYUSDT","BUY","SHORT","0.05856000","66.00000000","3.86496000","0.00077299 USDT","0.09042000","true","true","16144087","101553131"
"1105200956","2025-10-11 04:09:35","SKYUSDT","BUY","SHORT","0.05856000","158.00000000","9.25248000","0.00185049 USDT","0.21646000","true","true","16144088","101553131"
"1105200956","2025-10-11 04:09:43","SKYUSDT","BUY","SHORT","0.05856000","157.00000000","9.19392000","0.00183878 USDT","0.21509000","true","true","16144099","101553131"
"1105200956","2025-10-11 04:09:46","SKYUSDT","BUY","SHORT","0.05856000","87.00000000","5.09472000","0.00101894 USDT","0.11919000","true","true","16144101","101553131"
"1105200956","2025-10-11 04:09:47","SKYUSDT","BUY","SHORT","0.05856000","78.00000000","4.56768000","0.00091353 USDT","0.10686000","true","true","16144102","101553131"
"1105200956","2025-10-11 04:13:09","SKYUSDT","BUY","SHORT","0.05856000","162.00000000","9.48672000","0.00189734 USDT","0.22194000","true","true","16144488","101553131"
"1105200956","2025-10-11 04:13:10","SKYUSDT","BUY","SHORT","0.05856000","125.00000000","7.32000000","0.00146400 USDT","0.17125000","true","true","16144489","101553131"
"1105200956","2025-10-11 04:16:31","SKYUSDT","BUY","SHORT","0.05870000","142.00000000","8.33540000","0.00166708 USDT","0.17466000","true","true","16144830","101582149"
"1105200956","2025-10-11 04:16:32","SKYUSDT","BUY","SHORT","0.05870000","94.00000000","5.51780000","0.00110356 USDT","0.11562000","true","true","16144831","101582149"
"1105200956","2025-10-11 04:16:38","SKYUSDT","BUY","SHORT","0.05870000","98.00000000","5.75260000","0.00115052 USDT","0.12054000","true","true","16144843","101582149"
"1105200956","2025-10-11 04:16:39","SKYUSDT","BUY","SHORT","0.05870000","87.00000000","5.10690000","0.00102137 USDT","0.10701000","true","true","16144844","101582149"
"1105200956","2025-10-11 04:16:40","SKYUSDT","BUY","SHORT","0.05870000","92.00000000","5.40040000","0.00108008 USDT","0.11316000","true","true","16144845","101582149"
"1105200956","2025-10-11 04:16:41","SKYUSDT","BUY","SHORT","0.05870000","135.00000000","7.92450000","0.00158490 USDT","0.16605000","true","true","16144846","101582149"
"1105200956","2025-10-11 04:16:44","SKYUSDT","BUY","SHORT","0.05870000","63.00000000","3.69810000","0.00073962 USDT","0.07749000","true","true","16144857","101582149"
"1105200956","2025-10-11 04:16:46","SKYUSDT","BUY","SHORT","0.05870000","153.00000000","8.98110000","0.00179622 USDT","0.18819000","true","true","16144859","101582149"
"1105200956","2025-10-11 04:16:47","SKYUSDT","BUY","SHORT","0.05870000","93.00000000","5.45910000","0.00109182 USDT","0.11439000","true","true","16144860","101582149"
"1105200956","2025-10-11 04:16:47","SKYUSDT","BUY","SHORT","0.05870000","1077.00000000","63.21990000","0.01264398 USDT","1.32471000","true","true","16144863","101582149"
"1105200956","2025-10-11 04:16:47","SKYUSDT","BUY","SHORT","0.05870000","1077.00000000","63.21990000","0.01264398 USDT","1.32471000","true","true","16144865","101582149"
"1105200956","2025-10-11 04:16:47","SKYUSDT","BUY","SHORT","0.05870000","5147.00000000","302.12890000","0.06042578 USDT","6.33081000","true","true","16144864","101582149"
"1105200956","2025-10-11 04:16:47","SKYUSDT","BUY","SHORT","0.05870000","9298.00000000","545.79260000","0.10915852 USDT","11.43654000","true","true","16144862","101582149"
"1105200956","2025-10-11 04:16:47","SKYUSDT","BUY","SHORT","0.05870000","1077.00000000","63.21990000","0.01264398 USDT","1.32471000","true","true","16144866","101582149"
"1105200956","2025-10-11 04:16:47","SKYUSDT","BUY","SHORT","0.05870000","7183.00000000","421.64210000","0.08432842 USDT","8.83509000","true","true","16144861","101582149"
"1105200956","2025-10-11 04:16:58","SKYUSDT","BUY","SHORT","0.05870000","352.00000000","20.66240000","0.00413248 USDT","0.43296000","true","true","16144922","101582149"
"1105200956","2025-10-11 04:16:58","SKYUSDT","BUY","SHORT","0.05870000","353.00000000","20.72110000","0.00414421 USDT","0.43419000","true","true","16144920","101582149"
"1105200956","2025-10-11 04:16:58","SKYUSDT","BUY","SHORT","0.05870000","6419.00000000","376.79530000","0.07535906 USDT","7.89537000","true","true","16144924","101582149"
"1105200956","2025-10-11 04:16:58","SKYUSDT","BUY","SHORT","0.05870000","353.00000000","20.72110000","0.00414421 USDT","0.43419000","true","true","16144921","101582149"
"1105200956","2025-10-11 04:16:58","SKYUSDT","BUY","SHORT","0.05870000","10582.00000000","621.16340000","0.12423268 USDT","13.01586000","true","true","16144926","101582149"
"1105200956","2025-10-11 04:16:58","SKYUSDT","BUY","SHORT","0.05870000","8234.00000000","483.33580000","0.09666716 USDT","10.12782000","true","true","16144918","101582149"
"1105200956","2025-10-11 04:16:58","SKYUSDT","BUY","SHORT","0.05870000","1179.00000000","69.20730000","0.01384146 USDT","1.45017000","true","true","16144925","101582149"
"1105200956","2025-10-11 04:16:58","SKYUSDT","BUY","SHORT","0.05870000","1179.00000000","69.20730000","0.01384146 USDT","1.45017000","true","true","16144923","101582149"
"1105200956","2025-10-11 04:16:58","SKYUSDT","BUY","SHORT","0.05870000","3046.00000000","178.80020000","0.03576004 USDT","3.74658000","true","true","16144919","101582149"
"1105200956","2025-10-11 06:46:32","STBLUSDT","SELL","LONG","0.13417000","30000.00000000","4025.10000000","0.80502000 USDT","519.56432000","false","true","102602994","757535416"
"1105200956","2025-10-11 07:21:50","ENAUSDC","SELL","SHORT","0.42310000","13000.00000000","5500.30000000","0.00000000 USDC","0E-8","false","true","58862391","1592425084"
"1105200956","2025-10-11 09:51:23","UNIUSDC","SELL","LONG","5.97800000","8.00000000","47.82400000","0.01315160 USDC","1.42400000","false","false","6876200","251776962"
"1105200956","2025-10-11 09:51:24","UNIUSDC","SELL","LONG","5.97800000","839.00000000","5015.54200000","0.00000000 USDC","149.34200000","false","true","6876206","251776962"
"1105200956","2025-10-11 09:51:24","UNIUSDC","SELL","LONG","5.97800000","7.00000000","41.84600000","0.00000000 USDC","1.24600000","false","true","6876205","251776962"
"1105200956","2025-10-11 09:51:24","UNIUSDC","SELL","LONG","5.97800000","9.00000000","53.80200000","0.00000000 USDC","1.60200000","false","true","6876203","251776962"
"1105200956","2025-10-11 09:51:24","UNIUSDC","SELL","LONG","5.97800000","90.00000000","538.02000000","0.00000000 USDC","16.02000000","false","true","6876201","251776962"
"1105200956","2025-10-11 09:51:24","UNIUSDC","SELL","LONG","5.97800000","9.00000000","53.80200000","0.00000000 USDC","1.60200000","false","true","6876204","251776962"
"1105200956","2025-10-11 09:51:24","UNIUSDC","SELL","LONG","5.97800000","138.00000000","824.96400000","0.00000000 USDC","24.56400000","false","true","6876202","251776962"
"1105200956","2025-10-11 09:53:11","WLDUSDC","SELL","SHORT","0.96410000","1116.50000000","1076.41765000","0.00000000 USDC","0E-8","false","true","68036182","4063688496"
"1105200956","2025-10-11 09:53:11","WLDUSDC","SELL","SHORT","0.96420000","75.40000000","72.70068000","0.01999268 USDC","0E-8","false","false","68036177","4063688496"
"1105200956","2025-10-11 09:53:11","WLDUSDC","SELL","SHORT","0.96410000","1486.00000000","1432.65260000","0.00000000 USDC","0E-8","false","true","68036183","4063688496"
"1105200956","2025-10-11 09:53:11","WLDUSDC","SELL","SHORT","0.96430000","108.70000000","104.81941000","0.02882533 USDC","0E-8","false","false","68036176","4063688496"
"1105200956","2025-10-11 09:53:11","WLDUSDC","SELL","SHORT","0.96410000","75.40000000","72.69314000","0.01999061 USDC","0E-8","false","false","68036180","4063688496"
"1105200956","2025-10-11 09:53:11","WLDUSDC","SELL","SHORT","0.96410000","17.20000000","16.58252000","0.00456019 USDC","0E-8","false","false","68036181","4063688496"
"1105200956","2025-10-11 09:53:11","WLDUSDC","SELL","SHORT","0.96420000","17.20000000","16.58424000","0.00456066 USDC","0E-8","false","false","68036178","4063688496"
"1105200956","2025-10-11 09:53:11","WLDUSDC","SELL","SHORT","0.96410000","103.60000000","99.88076000","0.02746720 USDC","0E-8","false","false","68036179","4063688496"
"1105200956","2025-10-11 09:55:21","1000BONKUSDC","SELL","SHORT","0.01477700","150000.00000000","2216.55000000","0.00000000 USDC","0E-8","false","true","67125600","2479976675"
"1105200956","2025-10-11 10:14:15","SKYUSDT","SELL","SHORT","0.05867000","100000.00000000","5867.00000000","1.17340000 USDT","0E-8","false","true","16204699","102684284"
"1105200956","2025-10-11 11:25:44","1000BONKUSDC","BUY","SHORT","0.01462800","116998.00000000","1711.44674400","0.00000000 USDC","17.43270200","true","true","67143297","2480362038"
"1105200956","2025-10-11 11:25:44","1000BONKUSDC","BUY","SHORT","0.01462800","2848.00000000","41.66054400","0.00000000 USDC","0.42435200","true","true","67143296","2480362038"
"1105200956","2025-10-11 11:25:44","1000BONKUSDC","BUY","SHORT","0.01462800","6440.00000000","94.20432000","0.00000000 USDC","0.95956000","true","true","67143294","2480362038"
"1105200956","2025-10-11 11:25:44","1000BONKUSDC","BUY","SHORT","0.01462800","11039.00000000","161.47849200","0.00000000 USDC","1.64481100","true","true","67143295","2480362038"
"1105200956","2025-10-11 11:25:44","1000BONKUSDC","BUY","SHORT","0.01462800","12675.00000000","185.40990000","0.00000000 USDC","1.88857500","true","true","67143293","2480362038"
"1105200956","2025-10-11 11:26:03","ENAUSDC","BUY","SHORT","0.41950000","10736.00000000","4503.75200000","0.00000000 USDC","38.64960000","true","true","58901882","1593261511"
"1105200956","2025-10-11 11:26:03","ENAUSDC","BUY","SHORT","0.41950000","2264.00000000","949.74800000","0.00000000 USDC","8.15040000","true","true","58901881","1593261511"
"1105200956","2025-10-11 11:38:06","SKYUSDT","BUY","SHORT","0.05854000","1077.00000000","63.04758000","0.03152379 USDT","0.14001000","true","false","16213645","102848137"
"1105200956","2025-10-11 11:38:06","SKYUSDT","BUY","SHORT","0.05854000","112.00000000","6.55648000","0.00131129 USDT","0.01456000","true","true","16213647","102848137"
"1105200956","2025-10-11 11:38:07","SKYUSDT","BUY","SHORT","0.05854000","90.00000000","5.26860000","0.00105372 USDT","0.01170000","true","true","16213648","102848137"
"1105200956","2025-10-11 11:38:09","SKYUSDT","BUY","SHORT","0.05854000","106.00000000","6.20524000","0.00124104 USDT","0.01378000","true","true","16213649","102848137"
"1105200956","2025-10-11 11:38:10","SKYUSDT","BUY","SHORT","0.05854000","120.00000000","7.02480000","0.00140496 USDT","0.01560000","true","true","16213650","102848137"
"1105200956","2025-10-11 11:38:11","SKYUSDT","BUY","SHORT","0.05854000","110.00000000","6.43940000","0.00128788 USDT","0.01430000","true","true","16213651","102848137"
"1105200956","2025-10-11 11:38:12","SKYUSDT","BUY","SHORT","0.05854000","61.00000000","3.57094000","0.00071418 USDT","0.00793000","true","true","16213652","102848137"
"1105200956","2025-10-11 11:38:13","SKYUSDT","BUY","SHORT","0.05854000","83.00000000","4.85882000","0.00097176 USDT","0.01079000","true","true","16213653","102848137"
"1105200956","2025-10-11 11:38:14","SKYUSDT","BUY","SHORT","0.05854000","41.00000000","2.40014000","0.00048002 USDT","0.00533000","true","true","16213654","102848137"
"1105200956","2025-10-11 11:38:15","SKYUSDT","BUY","SHORT","0.05854000","118.00000000","6.90772000","0.00138154 USDT","0.01534000","true","true","16213655","102848137"
"1105200956","2025-10-11 11:38:17","SKYUSDT","BUY","SHORT","0.05854000","57.00000000","3.33678000","0.00066735 USDT","0.00741000","true","true","16213656","102848137"
"1105200956","2025-10-11 11:38:18","SKYUSDT","BUY","SHORT","0.05854000","93.00000000","5.44422000","0.00108884 USDT","0.01209000","true","true","16213657","102848137"
"1105200956","2025-10-11 11:38:20","SKYUSDT","BUY","SHORT","0.05854000","65.00000000","3.80510000","0.00076102 USDT","0.00845000","true","true","16213658","102848137"
"1105200956","2025-10-11 11:38:21","SKYUSDT","BUY","SHORT","0.05854000","113.00000000","6.61502000","0.00132300 USDT","0.01469000","true","true","16213659","102848137"
"1105200956","2025-10-11 11:38:21","SKYUSDT","BUY","SHORT","0.05854000","41.00000000","2.40014000","0.00048002 USDT","0.00533000","true","true","16213660","102848137"
"1105200956","2025-10-11 11:38:21","SKYUSDT","BUY","SHORT","0.05854000","3.00000000","0.17562000","0.00003512 USDT","0.00039000","true","true","16213661","102848137"
"1105200956","2025-10-11 11:38:22","SKYUSDT","BUY","SHORT","0.05854000","81.00000000","4.74174000","0.00094834 USDT","0.01053000","true","true","16213662","102848137"
"1105200956","2025-10-11 11:38:24","SKYUSDT","BUY","SHORT","0.05854000","82.00000000","4.80028000","0.00096005 USDT","0.01066000","true","true","16213663","102848137"
"1105200956","2025-10-11 11:38:24","SKYUSDT","BUY","SHORT","0.05854000","39.00000000","2.28306000","0.00045661 USDT","0.00507000","true","true","16213664","102848137"
"1105200956","2025-10-11 11:38:25","SKYUSDT","BUY","SHORT","0.05854000","91.00000000","5.32714000","0.00106542 USDT","0.01183000","true","true","16213665","102848137"
"1105200956","2025-10-11 11:38:27","SKYUSDT","BUY","SHORT","0.05854000","96.00000000","5.61984000","0.00112396 USDT","0.01248000","true","true","16213666","102848137"
"1105200956","2025-10-11 11:38:28","SKYUSDT","BUY","SHORT","0.05854000","80.00000000","4.68320000","0.00093664 USDT","0.01040000","true","true","16213667","102848137"
"1105200956","2025-10-11 11:38:30","SKYUSDT","BUY","SHORT","0.05854000","40.00000000","2.34160000","0.00046832 USDT","0.00520000","true","true","16213668","102848137"
"1105200956","2025-10-11 11:38:30","SKYUSDT","BUY","SHORT","0.05854000","105.00000000","6.14670000","0.00122934 USDT","0.01365000","true","true","16213669","102848137"
"1105200956","2025-10-11 11:38:30","SKYUSDT","BUY","SHORT","0.05854000","852.00000000","49.87608000","0.00997521 USDT","0.11076000","true","true","16213670","102848137"
"1105200956","2025-10-11 11:38:31","SKYUSDT","BUY","SHORT","0.05854000","74.00000000","4.33196000","0.00086639 USDT","0.00962000","true","true","16213671","102848137"
"1105200956","2025-10-11 11:38:32","SKYUSDT","BUY","SHORT","0.05854000","66.00000000","3.86364000","0.00077272 USDT","0.00858000","true","true","16213672","102848137"
"1105200956","2025-10-11 11:38:33","SKYUSDT","BUY","SHORT","0.05854000","75.00000000","4.39050000","0.00087810 USDT","0.00975000","true","true","16213673","102848137"
"1105200956","2025-10-11 11:38:34","SKYUSDT","BUY","SHORT","0.05854000","88.00000000","5.15152000","0.00103030 USDT","0.01144000","true","true","16213674","102848137"
"1105200956","2025-10-11 11:38:35","SKYUSDT","BUY","SHORT","0.05854000","63.00000000","3.68802000","0.00073760 USDT","0.00819000","true","true","16213675","102848137"
"1105200956","2025-10-11 11:38:36","SKYUSDT","BUY","SHORT","0.05854000","104.00000000","6.08816000","0.00121763 USDT","0.01352000","true","true","16213676","102848137"
"1105200956","2025-10-11 11:38:37","SKYUSDT","BUY","SHORT","0.05854000","5330.00000000","312.01820000","0.06240364 USDT","0.69290000","true","true","16213707","102848137"
"1105200956","2025-10-11 11:38:37","SKYUSDT","BUY","SHORT","0.05854000","88265.00000000","5167.03310000","1.03340662 USDT","11.47445000","true","true","16213687","102848137"
"1105200956","2025-10-11 11:38:38","SKYUSDT","BUY","SHORT","0.05854000","70.00000000","4.09780000","0.00081956 USDT","0.00910000","true","true","16213708","102848137"
"1105200956","2025-10-11 11:38:38","SKYUSDT","BUY","SHORT","0.05854000","2109.00000000","123.46086000","0.02469217 USDT","0.27417000","true","true","16213709","102848137"
"1105200956","2025-10-11 11:38:41","WLDUSDC","BUY","SHORT","0.96270000","164.80000000","158.65296000","0.00000000 USDC","0.23242293","true","true","68056605","4064224219"
"1105200956","2025-10-11 11:38:41","WLDUSDC","BUY","SHORT","0.96270000","1180.20000000","1136.17854000","0.00000000 USDC","1.66447539","true","true","68056608","4064224219"
"1105200956","2025-10-11 11:38:41","WLDUSDC","BUY","SHORT","0.96270000","317.30000000","305.46471000","0.00000000 USDC","0.44749876","true","true","68056607","4064224219"
"1105200956","2025-10-11 11:38:41","WLDUSDC","BUY","SHORT","0.96270000","403.70000000","388.64199000","0.00000000 USDC","0.56935156","true","true","68056606","4064224219"
"1105200956","2025-10-11 11:38:41","WLDUSDC","BUY","SHORT","0.96270000","934.00000000","899.16180000","0.00000000 USDC","1.31725133","true","true","68056604","4064224219"
